date,country,cases,deaths,recovered,new_cases,avg7_new_cases,new_deaths,avg7_new_deaths,new_recovered,avg7_new_recovered
2022-03-10,Brazil,29259206.0,654380.0,0.0,,,,,,
2022-03-11,Brazil,29313228.0,654843.0,0.0,54022.0,54022.0,463.0,463.0,0.0,0.0
2022-03-12,Brazil,29361024.0,655234.0,0.0,47796.0,50909.0,391.0,427.0,0.0,0.0
2022-03-13,Brazil,29374833.0,655359.0,0.0,13809.0,38542.333333333336,125.0,326.3333333333333,0.0,0.0
2022-03-14,Brazil,29391345.0,655557.0,0.0,16512.0,33034.75,198.0,294.25,0.0,0.0
2022-03-15,Brazil,29441039.0,655878.0,0.0,49694.0,36366.6,321.0,299.6,0.0,0.0
2022-03-16,Brazil,29488777.0,656231.0,0.0,47738.0,38261.833333333336,353.0,308.5,0.0,0.0
2022-03-17,Brazil,29532810.0,656693.0,0.0,44033.0,39086.28571428572,462.0,330.42857142857144,0.0,0.0
2022-03-18,Brazil,29584800.0,657098.0,0.0,51990.0,38796.0,405.0,322.14285714285717,0.0,0.0
2022-03-19,Brazil,29624435.0,657389.0,0.0,39635.0,37630.142857142855,291.0,307.85714285714283,0.0,0.0
2022-03-20,Brazil,29637814.0,657495.0,0.0,13379.0,37568.71428571428,106.0,305.14285714285717,0.0,0.0
2022-03-21,Brazil,29650082.0,657595.0,0.0,12268.0,36962.42857142857,100.0,291.14285714285717,0.0,0.0
2022-03-22,Brazil,29691641.0,658005.0,0.0,41559.0,35800.28571428572,410.0,303.85714285714283,0.0,0.0
2022-03-23,Brazil,29738362.0,658286.0,0.0,46721.0,35655.0,281.0,293.57142857142856,0.0,0.0
2022-03-24,Brazil,29775568.0,658600.0,0.0,37206.0,34679.71428571428,314.0,272.42857142857144,0.0,0.0
2022-03-25,Brazil,29809769.0,658855.0,0.0,34201.0,32138.428571428572,255.0,251.0,0.0,0.0
2022-03-26,Brazil,29839103.0,659046.0,0.0,29334.0,30666.85714285714,191.0,236.71428571428572,0.0,0.0
2022-03-27,Brazil,29849740.0,659159.0,0.0,10637.0,30275.14285714286,113.0,237.71428571428572,0.0,0.0
2022-03-28,Brazil,29857641.0,659227.0,0.0,7901.0,29651.285714285714,68.0,233.14285714285714,0.0,0.0
2022-03-29,Brazil,29887191.0,659508.0,0.0,29550.0,27935.714285714286,281.0,214.71428571428572,0.0,0.0
2022-03-30,Brazil,29920604.0,659769.0,0.0,33413.0,26034.571428571428,261.0,211.85714285714286,0.0,0.0
2022-03-31,Brazil,29951670.0,660022.0,0.0,31066.0,25157.428571428572,253.0,203.14285714285714,0.0,0.0
2022-04-01,Brazil,29978513.0,660265.0,0.0,26843.0,24106.285714285714,243.0,201.42857142857142,0.0,0.0
2022-04-02,Brazil,29995575.0,660371.0,0.0,17062.0,22353.14285714286,106.0,189.28571428571428,0.0,0.0
2022-04-03,Brazil,30002785.0,660410.0,0.0,7210.0,21863.571428571428,39.0,178.71428571428572,0.0,0.0
2022-04-04,Brazil,30015357.0,660570.0,0.0,12572.0,22530.85714285714,160.0,191.85714285714286,0.0,0.0
2022-04-05,Brazil,30042272.0,660786.0,0.0,26915.0,22154.428571428572,216.0,182.57142857142858,0.0,0.0
2022-04-06,Brazil,30069094.0,660980.0,0.0,26822.0,21212.85714285714,194.0,173.0,0.0,0.0
2022-04-07,Brazil,30095328.0,661228.0,0.0,26234.0,20522.571428571428,248.0,172.28571428571428,0.0,0.0
2022-04-08,Brazil,30125540.0,661377.0,0.0,30212.0,21003.85714285714,149.0,158.85714285714286,0.0,0.0
2022-04-09,Brazil,30146769.0,661475.0,0.0,21229.0,21599.14285714286,98.0,157.71428571428572,0.0,0.0
2022-04-10,Brazil,30153979.0,661513.0,0.0,7210.0,21599.14285714286,38.0,157.57142857142858,0.0,0.0
2022-04-11,Brazil,30161909.0,661576.0,0.0,7930.0,20936.0,63.0,143.71428571428572,0.0,0.0
2022-04-12,Brazil,30184286.0,661741.0,0.0,22377.0,20287.714285714286,165.0,136.42857142857142,0.0,0.0
2022-04-13,Brazil,30210934.0,661904.0,0.0,26648.0,20262.85714285714,163.0,132.0,0.0,0.0
2022-04-14,Brazil,30234024.0,662043.0,0.0,23090.0,19813.714285714286,139.0,116.42857142857143,0.0,0.0
2022-04-15,Brazil,30247302.0,662154.0,0.0,13278.0,17394.571428571428,111.0,111.0,0.0,0.0
2022-04-16,Brazil,30250077.0,662185.0,0.0,2775.0,14758.285714285714,31.0,101.42857142857143,0.0,0.0
2022-04-17,Brazil,30252618.0,662207.0,0.0,2541.0,14091.285714285714,22.0,99.14285714285714,0.0,0.0
2022-04-18,Brazil,30261088.0,662271.0,0.0,8470.0,14168.42857142857,64.0,99.28571428571429,0.0,0.0
2022-04-19,Brazil,30275219.0,662396.0,0.0,14131.0,12990.42857142857,125.0,93.57142857142857,0.0,0.0
2022-04-20,Brazil,30311969.0,662659.0,0.0,36750.0,14433.57142857143,263.0,107.85714285714286,0.0,0.0
2022-04-21,Brazil,30330629.0,662751.0,0.0,18660.0,13800.714285714286,92.0,101.14285714285714,0.0,0.0
2022-04-22,Brazil,30338697.0,662802.0,0.0,8068.0,13056.42857142857,51.0,92.57142857142857,0.0,0.0
2022-04-23,Brazil,30345808.0,662855.0,0.0,7111.0,13675.857142857143,53.0,95.71428571428571,0.0,0.0
2022-04-24,Brazil,30349463.0,662891.0,0.0,3655.0,13835.0,36.0,97.71428571428571,0.0,0.0
2022-04-25,Brazil,30355919.0,662964.0,0.0,6456.0,13547.285714285714,73.0,99.0,0.0,0.0
2022-04-26,Brazil,30378061.0,663108.0,0.0,22142.0,14691.714285714286,144.0,101.71428571428571,0.0,0.0
2022-04-27,Brazil,30399004.0,663350.0,0.0,20943.0,12433.57142857143,242.0,98.71428571428571,0.0,0.0
2022-04-28,Brazil,30418920.0,663464.0,0.0,19916.0,12613.0,114.0,101.85714285714286,0.0,0.0
2022-04-29,Brazil,30433042.0,663649.0,0.0,14122.0,13477.857142857143,185.0,121.0,0.0,0.0
2022-04-30,Brazil,30448236.0,663736.0,0.0,15194.0,14632.57142857143,87.0,125.85714285714286,0.0,0.0
2022-05-01,Brazil,30454499.0,663752.0,0.0,6263.0,15005.142857142857,16.0,123.0,0.0,0.0
2022-05-02,Brazil,30460997.0,663838.0,0.0,6498.0,15011.142857142857,86.0,124.85714285714286,0.0,0.0
2022-05-03,Brazil,30482429.0,663930.0,0.0,21432.0,14909.714285714286,92.0,117.42857142857143,0.0,0.0
2022-05-04,Brazil,30502501.0,663994.0,0.0,20072.0,14785.285714285714,64.0,92.0,0.0,0.0
2022-05-05,Brazil,30524183.0,664131.0,0.0,21682.0,15037.57142857143,137.0,95.28571428571429,0.0,0.0
2022-05-06,Brazil,30543908.0,664326.0,0.0,19725.0,15838.0,195.0,96.71428571428571,0.0,0.0
2022-05-07,Brazil,30558530.0,664361.0,0.0,14622.0,15756.285714285714,35.0,89.28571428571429,0.0,0.0
2022-05-08,Brazil,30564536.0,664374.0,0.0,6006.0,15719.57142857143,13.0,88.85714285714286,0.0,0.0
2022-05-09,Brazil,30574245.0,664426.0,0.0,9709.0,16178.285714285714,52.0,84.0,0.0,0.0
2022-05-10,Brazil,30594388.0,664624.0,0.0,20143.0,15994.142857142857,198.0,99.14285714285714,0.0,0.0
2022-05-11,Brazil,30617786.0,664750.0,0.0,23398.0,16469.285714285714,126.0,108.0,0.0,0.0
2022-05-12,Brazil,30639130.0,664874.0,0.0,21344.0,16421.0,124.0,106.14285714285714,0.0,0.0
2022-05-13,Brazil,30664739.0,665012.0,0.0,25609.0,17261.571428571428,138.0,98.0,0.0,0.0
2022-05-14,Brazil,30682094.0,665104.0,0.0,17355.0,17652.0,92.0,106.14285714285714,0.0,0.0
2022-05-15,Brazil,30688390.0,665150.0,0.0,6296.0,17693.428571428572,46.0,110.85714285714286,0.0,0.0
2022-05-16,Brazil,30701900.0,665216.0,0.0,13510.0,18236.428571428572,66.0,112.85714285714286,0.0,0.0
2022-05-17,Brazil,30701900.0,665216.0,0.0,0.0,15358.857142857143,0.0,84.57142857142857,0.0,0.0
2022-05-18,Brazil,30701900.0,665216.0,0.0,0.0,12016.285714285714,0.0,66.57142857142857,0.0,0.0
2022-05-19,Brazil,30701900.0,665216.0,0.0,0.0,8967.142857142857,0.0,48.857142857142854,0.0,0.0
2022-05-20,Brazil,30762413.0,665722.0,0.0,60513.0,13953.42857142857,506.0,101.42857142857143,0.0,0.0
2022-05-21,Brazil,30762413.0,665720.0,0.0,0.0,11474.142857142857,-2.0,88.0,0.0,0.0
2022-05-22,Brazil,30791220.0,665854.0,0.0,28807.0,14690.0,134.0,100.57142857142857,0.0,0.0
2022-05-23,Brazil,30803995.0,665891.0,0.0,12775.0,14585.0,37.0,96.42857142857143,0.0,0.0
2022-05-24,Brazil,30836815.0,666129.0,0.0,32820.0,19273.571428571428,238.0,130.42857142857142,0.0,0.0
2022-05-25,Brazil,30851191.0,666261.0,0.0,14376.0,21327.285714285714,132.0,149.28571428571428,0.0,0.0
2022-05-26,Brazil,30880512.0,666180.0,0.0,29321.0,25516.0,-81.0,137.71428571428572,0.0,0.0
2022-05-27,Brazil,30921145.0,666319.0,0.0,40633.0,22676.0,139.0,85.28571428571429,0.0,0.0
2022-05-28,Brazil,30945384.0,666391.0,0.0,24239.0,26138.714285714286,72.0,95.85714285714286,0.0,0.0
2022-05-29,Brazil,30953579.0,666453.0,0.0,8195.0,23194.14285714286,62.0,85.57142857142857,0.0,0.0
2022-05-30,Brazil,30977661.0,666516.0,0.0,24082.0,24809.428571428572,63.0,89.28571428571429,0.0,0.0
2022-05-31,Brazil,31019038.0,666676.0,0.0,41377.0,26031.85714285714,160.0,78.14285714285714,0.0,0.0
2022-06-01,Brazil,31060017.0,666801.0,0.0,40979.0,29832.285714285714,125.0,77.14285714285714,0.0,0.0
2022-06-02,Brazil,31101290.0,666930.0,0.0,41273.0,31539.714285714286,129.0,107.14285714285714,0.0,0.0
2022-06-03,Brazil,31137479.0,666971.0,0.0,36189.0,30904.85714285714,41.0,93.14285714285714,0.0,0.0
2022-06-04,Brazil,31137479.0,666971.0,0.0,0.0,27442.14285714286,0.0,82.85714285714286,0.0,0.0
2022-06-05,Brazil,31137479.0,666971.0,0.0,0.0,26271.428571428572,0.0,74.0,0.0,0.0
2022-06-06,Brazil,31195118.0,667041.0,0.0,57639.0,31065.285714285714,70.0,75.0,0.0,0.0
2022-06-07,Brazil,31266163.0,667348.0,0.0,71045.0,35303.57142857143,307.0,96.0,0.0,0.0
2022-06-08,Brazil,31315777.0,667647.0,0.0,49614.0,36537.142857142855,299.0,120.85714285714286,0.0,0.0
2022-06-09,Brazil,31360850.0,667790.0,0.0,45073.0,37080.0,143.0,122.85714285714286,0.0,0.0
2022-06-10,Brazil,31417341.0,667960.0,0.0,56491.0,39980.28571428572,170.0,141.28571428571428,0.0,0.0
2022-06-11,Brazil,31445137.0,668074.0,0.0,27796.0,43951.142857142855,114.0,157.57142857142858,0.0,0.0
2022-06-12,Brazil,31456865.0,668110.0,0.0,11728.0,45626.57142857143,36.0,162.71428571428572,0.0,0.0
2022-06-13,Brazil,31497038.0,668180.0,0.0,40173.0,43131.42857142857,70.0,162.71428571428572,0.0,0.0
2022-06-14,Brazil,31541479.0,668354.0,0.0,44441.0,39330.857142857145,174.0,143.71428571428572,0.0,0.0
2022-06-15,Brazil,31611769.0,668693.0,0.0,70290.0,42284.57142857143,339.0,149.42857142857142,0.0,0.0
2022-06-16,Brazil,31611769.0,668693.0,0.0,0.0,35845.57142857143,0.0,129.0,0.0,0.0
2022-06-17,Brazil,31611769.0,668693.0,0.0,0.0,27775.428571428572,0.0,104.71428571428571,0.0,0.0
2022-06-18,Brazil,31611769.0,668693.0,0.0,0.0,23804.571428571428,0.0,88.42857142857143,0.0,0.0
2022-06-19,Brazil,31611769.0,668693.0,0.0,0.0,22129.14285714286,0.0,83.28571428571429,0.0,0.0
2022-06-20,Brazil,31754465.0,669161.0,0.0,142696.0,36775.28571428572,468.0,140.14285714285714,0.0,0.0
2022-06-21,Brazil,31818827.0,669390.0,0.0,64362.0,39621.142857142855,229.0,148.0,0.0,0.0
2022-06-22,Brazil,31890733.0,669530.0,0.0,71906.0,39852.0,140.0,119.57142857142857,0.0,0.0
2022-06-23,Brazil,31962782.0,669895.0,0.0,72049.0,50144.71428571428,365.0,171.71428571428572,0.0,0.0
2022-06-24,Brazil,32023166.0,670229.0,0.0,60384.0,58771.0,334.0,219.42857142857142,0.0,0.0
2022-06-25,Brazil,32023166.0,670229.0,0.0,0.0,58771.0,0.0,219.42857142857142,0.0,0.0
2022-06-26,Brazil,32023166.0,670229.0,0.0,0.0,58771.0,0.0,219.42857142857142,0.0,0.0
2022-06-27,Brazil,32130316.0,670532.0,0.0,107150.0,53693.0,303.0,195.85714285714286,0.0,0.0
2022-06-28,Brazil,32206954.0,670848.0,0.0,76638.0,55446.71428571428,316.0,208.28571428571428,0.0,0.0
2022-06-29,Brazil,32206954.0,670848.0,0.0,0.0,45174.42857142857,0.0,188.28571428571428,0.0,0.0
2022-06-30,Brazil,32358018.0,671416.0,0.0,151064.0,56462.28571428572,568.0,217.28571428571428,0.0,0.0
2022-07-01,Brazil,32434063.0,671700.0,0.0,76045.0,58699.57142857143,284.0,210.14285714285714,0.0,0.0
2022-07-02,Brazil,32471847.0,671858.0,0.0,37784.0,64097.28571428572,158.0,232.71428571428572,0.0,0.0
2022-07-03,Brazil,32490422.0,671911.0,0.0,18575.0,66750.85714285714,53.0,240.28571428571428,0.0,0.0
2022-07-04,Brazil,32535923.0,672033.0,0.0,45501.0,57943.857142857145,122.0,214.42857142857142,0.0,0.0
2022-07-05,Brazil,32610514.0,672429.0,0.0,74591.0,57651.42857142857,396.0,225.85714285714286,0.0,0.0
2022-07-06,Brazil,32687680.0,672790.0,0.0,77166.0,68675.14285714286,361.0,277.42857142857144,0.0,0.0
2022-07-07,Brazil,32759730.0,673073.0,0.0,72050.0,57387.42857142857,283.0,236.71428571428572,0.0,0.0
2022-07-08,Brazil,32830844.0,673339.0,0.0,71114.0,56683.0,266.0,234.14285714285714,0.0,0.0
2022-07-09,Brazil,32874501.0,673554.0,0.0,43657.0,57522.0,215.0,242.28571428571428,0.0,0.0
2022-07-10,Brazil,32896464.0,673610.0,0.0,21963.0,58006.0,56.0,242.71428571428572,0.0,0.0
2022-07-11,Brazil,32940507.0,673758.0,0.0,44043.0,57797.71428571428,148.0,246.42857142857142,0.0,0.0
2022-07-12,Brazil,33004555.0,674102.0,0.0,64048.0,56291.57142857143,344.0,239.0,0.0,0.0
2022-07-13,Brazil,33076779.0,674482.0,0.0,72224.0,55585.57142857143,380.0,241.71428571428572,0.0,0.0
2022-07-14,Brazil,33142158.0,674779.0,0.0,65379.0,54632.57142857143,297.0,243.71428571428572,0.0,0.0
2022-07-15,Brazil,33250117.0,675090.0,0.0,107959.0,59896.142857142855,311.0,250.14285714285714,0.0,0.0
2022-07-16,Brazil,33290266.0,675295.0,0.0,40149.0,59395.0,205.0,248.71428571428572,0.0,0.0
2022-07-17,Brazil,33301118.0,675350.0,0.0,10852.0,57807.71428571428,55.0,248.57142857142858,0.0,0.0
2022-07-18,Brazil,33339815.0,675518.0,0.0,38697.0,57044.0,168.0,251.42857142857142,0.0,0.0
2022-07-19,Brazil,33397814.0,675871.0,0.0,57999.0,56179.857142857145,353.0,252.71428571428572,0.0,0.0
2022-07-20,Brazil,33454294.0,676217.0,0.0,56480.0,53930.71428571428,346.0,247.85714285714286,0.0,0.0
2022-07-21,Brazil,33505727.0,676486.0,0.0,51433.0,51938.42857142857,269.0,243.85714285714286,0.0,0.0
2022-07-22,Brazil,33555526.0,676766.0,0.0,49799.0,43629.857142857145,280.0,239.42857142857142,0.0,0.0
2022-07-23,Brazil,33555526.0,676766.0,0.0,0.0,37894.28571428572,0.0,210.14285714285714,0.0,0.0
2022-07-24,Brazil,33591356.0,676964.0,0.0,35830.0,41462.57142857143,198.0,230.57142857142858,0.0,0.0
2022-07-25,Brazil,33621965.0,677143.0,0.0,30609.0,40307.142857142855,179.0,232.14285714285714,0.0,0.0
2022-07-26,Brazil,33659879.0,677494.0,0.0,37914.0,37437.857142857145,351.0,231.85714285714286,0.0,0.0
2022-07-27,Brazil,33704393.0,677804.0,0.0,44514.0,35728.42857142857,310.0,226.71428571428572,0.0,0.0
2022-07-28,Brazil,33748985.0,678069.0,0.0,44592.0,34751.142857142855,265.0,226.14285714285714,0.0,0.0
2022-07-29,Brazil,33790698.0,678313.0,0.0,41713.0,33596.0,244.0,221.0,0.0,0.0
2022-07-30,Brazil,33813587.0,678486.0,0.0,22889.0,36865.857142857145,173.0,245.71428571428572,0.0,0.0
2022-07-31,Brazil,33833900.0,678514.0,0.0,20313.0,34649.142857142855,28.0,221.42857142857142,0.0,0.0
2022-08-01,Brazil,33855964.0,678715.0,0.0,22064.0,33428.42857142857,201.0,224.57142857142858,0.0,0.0
2022-08-02,Brazil,33890428.0,679010.0,0.0,34464.0,32935.57142857143,295.0,216.57142857142858,0.0,0.0
2022-08-03,Brazil,33924061.0,679275.0,0.0,33633.0,31381.14285714286,265.0,210.14285714285714,0.0,0.0
2022-08-04,Brazil,33964494.0,679536.0,0.0,40433.0,30787.0,261.0,209.57142857142858,0.0,0.0
2022-08-05,Brazil,33994470.0,679758.0,0.0,29976.0,29110.285714285714,222.0,206.42857142857142,0.0,0.0
2022-08-06,Brazil,34011173.0,679939.0,0.0,16703.0,28226.571428571428,181.0,207.57142857142858,0.0,0.0
2022-08-07,Brazil,34018371.0,679996.0,0.0,7198.0,26353.0,57.0,211.71428571428572,0.0,0.0
2022-08-08,Brazil,34035780.0,680166.0,0.0,17409.0,25688.0,170.0,207.28571428571428,0.0,0.0
2022-08-09,Brazil,34066000.0,680531.0,0.0,30220.0,25081.714285714286,365.0,217.28571428571428,0.0,0.0
2022-08-10,Brazil,34066000.0,680531.0,0.0,0.0,20277.0,0.0,179.42857142857142,0.0,0.0
2022-08-11,Brazil,34124579.0,681006.0,0.0,58579.0,22869.285714285714,475.0,210.0,0.0,0.0
2022-08-12,Brazil,34148131.0,681253.0,0.0,23552.0,21951.571428571428,247.0,213.57142857142858,0.0,0.0
2022-08-13,Brazil,34148131.0,681253.0,0.0,0.0,19565.428571428572,0.0,187.71428571428572,0.0,0.0
2022-08-14,Brazil,34148131.0,681253.0,0.0,0.0,18537.14285714286,0.0,179.57142857142858,0.0,0.0
2022-08-15,Brazil,34178240.0,681557.0,0.0,30109.0,20351.428571428572,304.0,198.71428571428572,0.0,0.0
2022-08-16,Brazil,34201280.0,681763.0,0.0,23040.0,19325.714285714286,206.0,176.0,0.0,0.0
2022-08-17,Brazil,34223207.0,682010.0,0.0,21927.0,22458.14285714286,247.0,211.28571428571428,0.0,0.0
2022-08-18,Brazil,34245374.0,682216.0,0.0,22167.0,17256.428571428572,206.0,172.85714285714286,0.0,0.0
2022-08-19,Brazil,34264237.0,682358.0,0.0,18863.0,16586.571428571428,142.0,157.85714285714286,0.0,0.0
2022-08-20,Brazil,34264237.0,682358.0,0.0,0.0,16586.571428571428,0.0,157.85714285714286,0.0,0.0
2022-08-21,Brazil,34264237.0,682358.0,0.0,0.0,16586.571428571428,0.0,157.85714285714286,0.0,0.0
2022-08-22,Brazil,34284864.0,682549.0,0.0,20627.0,15232.0,191.0,141.71428571428572,0.0,0.0
2022-08-23,Brazil,34284864.0,682549.0,0.0,0.0,11940.57142857143,0.0,112.28571428571429,0.0,0.0
2022-08-24,Brazil,34329600.0,683076.0,0.0,44736.0,15199.0,527.0,152.28571428571428,0.0,0.0
2022-08-25,Brazil,34350639.0,683233.0,0.0,21039.0,15037.857142857143,157.0,145.28571428571428,0.0,0.0
2022-08-26,Brazil,34368909.0,683397.0,0.0,18270.0,14953.142857142857,164.0,148.42857142857142,0.0,0.0
2022-08-27,Brazil,34368909.0,683397.0,0.0,0.0,14953.142857142857,0.0,148.42857142857142,0.0,0.0
2022-08-28,Brazil,34368909.0,683397.0,0.0,0.0,14953.142857142857,0.0,148.42857142857142,0.0,0.0
2022-08-29,Brazil,34397205.0,683622.0,0.0,28296.0,16048.714285714286,225.0,153.28571428571428,0.0,0.0
2022-08-30,Brazil,34414011.0,683851.0,0.0,16806.0,18449.571428571428,229.0,186.0,0.0,0.0
2022-08-31,Brazil,34429853.0,683965.0,0.0,15842.0,14321.857142857143,114.0,127.0,0.0,0.0
2022-09-01,Brazil,34429853.0,683965.0,0.0,0.0,11316.285714285714,0.0,104.57142857142857,0.0,0.0
2022-09-02,Brazil,34456145.0,684262.0,0.0,26292.0,12462.285714285714,297.0,123.57142857142857,0.0,0.0
2022-09-03,Brazil,34456145.0,684262.0,0.0,0.0,12462.285714285714,0.0,123.57142857142857,0.0,0.0
2022-09-04,Brazil,34456145.0,684262.0,0.0,0.0,12462.285714285714,0.0,123.57142857142857,0.0,0.0
2022-09-05,Brazil,34477539.0,684425.0,0.0,21394.0,11476.285714285714,163.0,114.71428571428571,0.0,0.0
2022-09-06,Brazil,34477539.0,684425.0,0.0,0.0,9075.42857142857,0.0,82.0,0.0,0.0
2022-09-07,Brazil,34477539.0,684425.0,0.0,0.0,6812.285714285715,0.0,65.71428571428571,0.0,0.0
2022-09-08,Brazil,34477539.0,684425.0,0.0,0.0,6812.285714285715,0.0,65.71428571428571,0.0,0.0
2022-09-09,Brazil,34516739.0,684813.0,0.0,39200.0,8656.285714285714,388.0,78.71428571428571,0.0,0.0
2022-09-10,Brazil,34516739.0,684813.0,0.0,0.0,8656.285714285714,0.0,78.71428571428571,0.0,0.0
2022-09-11,Brazil,34516739.0,684813.0,0.0,0.0,8656.285714285714,0.0,78.71428571428571,0.0,0.0
2022-09-12,Brazil,34533957.0,684898.0,0.0,17218.0,8059.714285714285,85.0,67.57142857142857,0.0,0.0
2022-09-13,Brazil,34544377.0,685002.0,0.0,10420.0,9548.285714285714,104.0,82.42857142857143,0.0,0.0
2022-09-14,Brazil,34558902.0,685121.0,0.0,14525.0,11623.285714285714,119.0,99.42857142857143,0.0,0.0
2022-09-15,Brazil,34568833.0,685203.0,0.0,9931.0,13042.0,82.0,111.14285714285714,0.0,0.0
2022-09-16,Brazil,34568833.0,685203.0,0.0,0.0,7442.0,0.0,55.714285714285715,0.0,0.0
2022-09-17,Brazil,34568833.0,685203.0,0.0,0.0,7442.0,0.0,55.714285714285715,0.0,0.0
2022-09-18,Brazil,34568833.0,685203.0,0.0,0.0,7442.0,0.0,55.714285714285715,0.0,0.0
2022-09-19,Brazil,34592163.0,685424.0,0.0,23330.0,8315.142857142857,221.0,75.14285714285714,0.0,0.0
2022-09-20,Brazil,34592027.0,685428.0,0.0,-136.0,6807.142857142857,4.0,60.857142857142854,0.0,0.0
2022-09-21,Brazil,34592027.0,685428.0,0.0,0.0,4732.142857142857,0.0,43.857142857142854,0.0,0.0
2022-09-22,Brazil,34616655.0,685677.0,0.0,24628.0,6831.714285714285,249.0,67.71428571428571,0.0,0.0
2022-09-23,Brazil,34624427.0,685750.0,0.0,7772.0,7942.0,73.0,78.14285714285714,0.0,0.0
2022-09-24,Brazil,34624427.0,685750.0,0.0,0.0,7942.0,0.0,78.14285714285714,0.0,0.0
2022-09-25,Brazil,34624427.0,685750.0,0.0,0.0,7942.0,0.0,78.14285714285714,0.0,0.0
2022-09-26,Brazil,34638288.0,685835.0,0.0,13861.0,6589.285714285715,85.0,58.714285714285715,0.0,0.0
2022-09-27,Brazil,34638288.0,685835.0,0.0,0.0,6608.714285714285,0.0,58.142857142857146,0.0,0.0
2022-09-28,Brazil,34654190.0,685927.0,0.0,15902.0,8880.42857142857,92.0,71.28571428571429,0.0,0.0
2022-09-29,Brazil,34654190.0,685927.0,0.0,0.0,5362.142857142857,0.0,35.714285714285715,0.0,0.0
2022-09-30,Brazil,34672524.0,686036.0,0.0,18334.0,6871.0,109.0,40.857142857142854,0.0,0.0
2022-10-01,Brazil,34672524.0,686036.0,0.0,0.0,6871.0,0.0,40.857142857142854,0.0,0.0
2022-10-02,Brazil,34672524.0,686036.0,0.0,0.0,6871.0,0.0,40.857142857142854,0.0,0.0
2022-10-03,Brazil,34684529.0,686371.0,0.0,12005.0,6605.857142857143,335.0,76.57142857142857,0.0,0.0
2022-10-04,Brazil,34684529.0,686371.0,0.0,0.0,6605.857142857143,0.0,76.57142857142857,0.0,0.0
2022-10-05,Brazil,34699017.0,686573.0,0.0,14488.0,6403.857142857143,202.0,92.28571428571429,0.0,0.0
2022-10-06,Brazil,34707233.0,686706.0,0.0,8216.0,7577.571428571428,133.0,111.28571428571429,0.0,0.0
2022-10-07,Brazil,34707233.0,686706.0,0.0,0.0,4958.428571428572,0.0,95.71428571428571,0.0,0.0
2022-10-08,Brazil,34707233.0,686706.0,0.0,0.0,4958.428571428572,0.0,95.71428571428571,0.0,0.0
2022-10-09,Brazil,34707233.0,686706.0,0.0,0.0,4958.428571428572,0.0,95.71428571428571,0.0,0.0
2022-10-10,Brazil,34724189.0,686877.0,0.0,16956.0,5665.714285714285,171.0,72.28571428571429,0.0,0.0
2022-10-11,Brazil,34731539.0,686963.0,0.0,7350.0,6715.714285714285,86.0,84.57142857142857,0.0,0.0
2022-10-12,Brazil,34731539.0,686963.0,0.0,0.0,4646.0,0.0,55.714285714285715,0.0,0.0
2022-10-13,Brazil,34739865.0,687069.0,0.0,8326.0,4661.714285714285,106.0,51.857142857142854,0.0,0.0
2022-10-14,Brazil,34746462.0,687144.0,0.0,6597.0,5604.142857142857,75.0,62.57142857142857,0.0,0.0
2022-10-15,Brazil,34746462.0,687144.0,0.0,0.0,5604.142857142857,0.0,62.57142857142857,0.0,0.0
2022-10-16,Brazil,34746462.0,687144.0,0.0,0.0,5604.142857142857,0.0,62.57142857142857,0.0,0.0
2022-10-17,Brazil,34746462.0,687144.0,0.0,0.0,3181.8571428571427,0.0,38.142857142857146,0.0,0.0
2022-10-18,Brazil,34746462.0,687144.0,0.0,0.0,2131.8571428571427,0.0,25.857142857142858,0.0,0.0
2022-10-19,Brazil,34771320.0,687423.0,0.0,24858.0,5683.0,279.0,65.71428571428571,0.0,0.0
2022-10-20,Brazil,34771320.0,687423.0,0.0,0.0,4493.571428571428,0.0,50.57142857142857,0.0,0.0
2022-10-21,Brazil,34780462.0,687527.0,0.0,9142.0,4857.142857142857,104.0,54.714285714285715,0.0,0.0
2022-10-22,Brazil,34780462.0,687527.0,0.0,0.0,4857.142857142857,0.0,54.714285714285715,0.0,0.0
2022-10-23,Brazil,34780462.0,687527.0,0.0,0.0,4857.142857142857,0.0,54.714285714285715,0.0,0.0
2022-10-24,Brazil,34783786.0,687574.0,0.0,3324.0,5332.0,47.0,61.42857142857143,0.0,0.0
2022-10-25,Brazil,34799324.0,687710.0,0.0,15538.0,7551.714285714285,136.0,80.85714285714286,0.0,0.0
2022-10-26,Brazil,34807075.0,687907.0,0.0,7751.0,5107.857142857143,197.0,69.14285714285714,0.0,0.0
2022-10-27,Brazil,34815258.0,687962.0,0.0,8183.0,6276.857142857143,55.0,77.0,0.0,0.0
2022-10-28,Brazil,34815258.0,687962.0,0.0,0.0,4970.857142857143,0.0,62.142857142857146,0.0,0.0
2022-10-29,Brazil,34815258.0,687962.0,0.0,0.0,4970.857142857143,0.0,62.142857142857146,0.0,0.0
2022-10-30,Brazil,34815258.0,687962.0,0.0,0.0,4970.857142857143,0.0,62.142857142857146,0.0,0.0
2022-10-31,Brazil,34828749.0,688157.0,0.0,13491.0,6423.285714285715,195.0,83.28571428571429,0.0,0.0
2022-11-01,Brazil,34837035.0,688219.0,0.0,8286.0,5387.285714285715,62.0,72.71428571428571,0.0,0.0
2022-11-02,Brazil,34837035.0,688219.0,0.0,0.0,4280.0,0.0,44.57142857142857,0.0,0.0
2022-11-03,Brazil,34846308.0,688267.0,0.0,9273.0,4435.714285714285,48.0,43.57142857142857,0.0,0.0
2022-11-04,Brazil,34849063.0,688332.0,0.0,2755.0,4829.285714285715,65.0,52.857142857142854,0.0,0.0
2022-11-05,Brazil,34849063.0,688332.0,0.0,0.0,4829.285714285715,0.0,52.857142857142854,0.0,0.0
2022-11-06,Brazil,34849063.0,688332.0,0.0,0.0,4829.285714285715,0.0,52.857142857142854,0.0,0.0
2022-11-07,Brazil,34855492.0,688395.0,0.0,6429.0,3820.4285714285716,63.0,34.0,0.0,0.0
2022-11-08,Brazil,34855492.0,688395.0,0.0,0.0,2636.714285714286,0.0,25.142857142857142,0.0,0.0
2022-11-09,Brazil,34855492.0,688395.0,0.0,0.0,2636.714285714286,0.0,25.142857142857142,0.0,0.0
2022-11-10,Brazil,34889576.0,688607.0,0.0,34084.0,6181.142857142857,212.0,48.57142857142857,0.0,0.0
2022-11-11,Brazil,34908198.0,688656.0,0.0,18622.0,8447.857142857143,49.0,46.285714285714285,0.0,0.0
2022-11-12,Brazil,34908198.0,688656.0,0.0,0.0,8447.857142857143,0.0,46.285714285714285,0.0,0.0
2022-11-13,Brazil,34908198.0,688656.0,0.0,0.0,8447.857142857143,0.0,46.285714285714285,0.0,0.0
2022-11-14,Brazil,34908198.0,688656.0,0.0,0.0,7529.428571428572,0.0,37.285714285714285,0.0,0.0
2022-11-15,Brazil,34908198.0,688656.0,0.0,0.0,7529.428571428572,0.0,37.285714285714285,0.0,0.0
2022-11-16,Brazil,34938073.0,688764.0,0.0,29875.0,11797.285714285714,108.0,52.714285714285715,0.0,0.0
2022-11-17,Brazil,34971043.0,688835.0,0.0,32970.0,11638.142857142857,71.0,32.57142857142857,0.0,0.0
2022-11-18,Brazil,34999495.0,688907.0,0.0,28452.0,13042.42857142857,72.0,35.857142857142854,0.0,0.0
2022-11-19,Brazil,34999495.0,688907.0,0.0,0.0,13042.42857142857,0.0,35.857142857142854,0.0,0.0
2022-11-20,Brazil,34999495.0,688907.0,0.0,0.0,13042.42857142857,0.0,35.857142857142854,0.0,0.0
2022-11-21,Brazil,34999495.0,688907.0,0.0,0.0,13042.42857142857,0.0,35.857142857142854,0.0,0.0
2022-11-22,Brazil,35052152.0,689155.0,0.0,52657.0,20564.85714285714,248.0,71.28571428571429,0.0,0.0
2022-11-23,Brazil,35082036.0,689272.0,0.0,29884.0,20566.14285714286,117.0,72.57142857142857,0.0,0.0
2022-11-24,Brazil,35105241.0,689342.0,0.0,23205.0,19171.14285714286,70.0,72.42857142857143,0.0,0.0
2022-11-25,Brazil,35149503.0,689442.0,0.0,44262.0,21429.714285714286,100.0,76.42857142857143,0.0,0.0
2022-11-26,Brazil,35149503.0,689442.0,0.0,0.0,21429.714285714286,0.0,76.42857142857143,0.0,0.0
2022-11-27,Brazil,35149503.0,689442.0,0.0,0.0,21429.714285714286,0.0,76.42857142857143,0.0,0.0
2022-11-28,Brazil,35149503.0,689442.0,0.0,0.0,21429.714285714286,0.0,76.42857142857143,0.0,0.0
2022-11-29,Brazil,35227599.0,689665.0,0.0,78096.0,25063.85714285714,223.0,72.85714285714286,0.0,0.0
2022-11-30,Brazil,35227599.0,689665.0,0.0,0.0,20794.714285714286,0.0,56.142857142857146,0.0,0.0
2022-12-01,Brazil,35302137.0,689945.0,0.0,74538.0,28128.0,280.0,86.14285714285714,0.0,0.0
2022-12-02,Brazil,35337546.0,690074.0,0.0,35409.0,26863.285714285714,129.0,90.28571428571429,0.0,0.0
2022-12-03,Brazil,35337546.0,690074.0,0.0,0.0,26863.285714285714,0.0,90.28571428571429,0.0,0.0
2022-12-04,Brazil,35337546.0,690074.0,0.0,0.0,26863.285714285714,0.0,90.28571428571429,0.0,0.0
2022-12-05,Brazil,35396191.0,690229.0,0.0,58645.0,35241.142857142855,155.0,112.42857142857143,0.0,0.0
2022-12-06,Brazil,35396191.0,690229.0,0.0,0.0,24084.571428571428,0.0,80.57142857142857,0.0,0.0
2022-12-07,Brazil,35396191.0,690229.0,0.0,0.0,24084.571428571428,0.0,80.57142857142857,0.0,0.0
2022-12-08,Brazil,35531716.0,690677.0,0.0,135525.0,32797.0,448.0,104.57142857142857,0.0,0.0
2022-12-09,Brazil,35531716.0,690677.0,0.0,0.0,27738.571428571428,0.0,86.14285714285714,0.0,0.0
2022-12-10,Brazil,35531716.0,690677.0,0.0,0.0,27738.571428571428,0.0,86.14285714285714,0.0,0.0
2022-12-11,Brazil,35531716.0,690677.0,0.0,0.0,27738.571428571428,0.0,86.14285714285714,0.0,0.0
2022-12-12,Brazil,35643770.0,691015.0,0.0,112054.0,35368.42857142857,338.0,112.28571428571429,0.0,0.0
2022-12-13,Brazil,35696918.0,691178.0,0.0,53148.0,42961.0,163.0,135.57142857142858,0.0,0.0
2022-12-14,Brazil,35751411.0,691449.0,0.0,54493.0,50745.71428571428,271.0,174.28571428571428,0.0,0.0
2022-12-15,Brazil,35809832.0,691652.0,0.0,58421.0,39730.857142857145,203.0,139.28571428571428,0.0,0.0
2022-12-16,Brazil,35869526.0,691810.0,0.0,59694.0,48258.57142857143,158.0,161.85714285714286,0.0,0.0
2022-12-17,Brazil,35869526.0,691810.0,0.0,0.0,48258.57142857143,0.0,161.85714285714286,0.0,0.0
2022-12-18,Brazil,35869526.0,691810.0,0.0,0.0,48258.57142857143,0.0,161.85714285714286,0.0,0.0
2022-12-19,Brazil,35945063.0,692041.0,0.0,75537.0,43041.857142857145,231.0,146.57142857142858,0.0,0.0
2022-12-20,Brazil,36001760.0,692280.0,0.0,56697.0,43548.857142857145,239.0,157.42857142857142,0.0,0.0
2022-12-21,Brazil,36044441.0,692461.0,0.0,42681.0,41861.42857142857,181.0,144.57142857142858,0.0,0.0
2022-12-22,Brazil,36092845.0,692652.0,0.0,48404.0,40430.42857142857,191.0,142.85714285714286,0.0,0.0
2022-12-23,Brazil,36092845.0,692652.0,0.0,0.0,31902.714285714286,0.0,120.28571428571429,0.0,0.0
2022-12-24,Brazil,36092845.0,692652.0,0.0,0.0,31902.714285714286,0.0,120.28571428571429,0.0,0.0
2022-12-25,Brazil,36092845.0,692652.0,0.0,0.0,31902.714285714286,0.0,120.28571428571429,0.0,0.0
2022-12-26,Brazil,36190389.0,692969.0,0.0,97544.0,35046.57142857143,317.0,132.57142857142858,0.0,0.0
2022-12-27,Brazil,36226287.0,693199.0,0.0,35898.0,32075.285714285714,230.0,131.28571428571428,0.0,0.0
2022-12-28,Brazil,36264721.0,693562.0,0.0,38434.0,31468.571428571428,363.0,157.28571428571428,0.0,0.0
2022-12-29,Brazil,36302415.0,693734.0,0.0,37694.0,29938.571428571428,172.0,154.57142857142858,0.0,0.0
2022-12-30,Brazil,36331281.0,693853.0,0.0,28866.0,34062.28571428572,119.0,171.57142857142858,0.0,0.0
2022-12-31,Brazil,36331281.0,693853.0,0.0,0.0,34062.28571428572,0.0,171.57142857142858,0.0,0.0
2023-01-01,Brazil,36331281.0,693853.0,0.0,0.0,34062.28571428572,0.0,171.57142857142858,0.0,0.0
2023-01-02,Brazil,36362366.0,693981.0,0.0,31085.0,24568.14285714286,128.0,144.57142857142858,0.0,0.0
2023-01-03,Brazil,36362366.0,693981.0,0.0,0.0,19439.85714285714,0.0,111.71428571428571,0.0,0.0
2023-01-04,Brazil,36423138.0,694411.0,0.0,60772.0,22631.0,430.0,121.28571428571429,0.0,0.0
2023-01-05,Brazil,36423138.0,694411.0,0.0,0.0,17246.14285714286,0.0,96.71428571428571,0.0,0.0
2023-01-06,Brazil,36477214.0,694779.0,0.0,54076.0,20847.571428571428,368.0,132.28571428571428,0.0,0.0
2023-01-07,Brazil,36477214.0,694779.0,0.0,0.0,20847.571428571428,0.0,132.28571428571428,0.0,0.0
2023-01-08,Brazil,36477214.0,694779.0,0.0,0.0,20847.571428571428,0.0,132.28571428571428,0.0,0.0
2023-01-09,Brazil,36477214.0,694779.0,0.0,0.0,16406.85714285714,0.0,114.0,0.0,0.0
2023-01-10,Brazil,36552432.0,694985.0,0.0,75218.0,27152.285714285714,206.0,143.42857142857142,0.0,0.0
2023-01-11,Brazil,36578865.0,695088.0,0.0,26433.0,22246.714285714286,103.0,96.71428571428571,0.0,0.0
2023-01-12,Brazil,36597935.0,695236.0,0.0,19070.0,24971.0,148.0,117.85714285714286,0.0,0.0
2023-01-13,Brazil,36620371.0,695317.0,0.0,22436.0,20451.0,81.0,76.85714285714286,0.0,0.0
2023-01-14,Brazil,36624562.0,695341.0,0.0,4191.0,21049.714285714286,24.0,80.28571428571429,0.0,0.0
2023-01-15,Brazil,36628099.0,695343.0,0.0,3537.0,21555.0,2.0,80.57142857142857,0.0,0.0
2023-01-16,Brazil,36640787.0,695410.0,0.0,12688.0,23367.571428571428,67.0,90.14285714285714,0.0,0.0
2023-01-17,Brazil,36665419.0,695524.0,0.0,24632.0,16141.0,114.0,77.0,0.0,0.0
2023-01-18,Brazil,36677844.0,695615.0,0.0,12425.0,14139.857142857143,91.0,75.28571428571429,0.0,0.0
2023-01-19,Brazil,36677844.0,695615.0,0.0,0.0,11415.57142857143,0.0,54.142857142857146,0.0,0.0
2023-01-20,Brazil,36712851.0,696188.0,0.0,35007.0,13211.42857142857,573.0,124.42857142857143,0.0,0.0
2023-01-21,Brazil,36717501.0,696254.0,0.0,4650.0,13277.0,66.0,130.42857142857142,0.0,0.0
2023-01-22,Brazil,36718053.0,696257.0,0.0,552.0,12850.57142857143,3.0,130.57142857142858,0.0,0.0
2023-01-23,Brazil,36730913.0,696324.0,0.0,12860.0,12875.142857142857,67.0,130.57142857142858,0.0,0.0
2023-01-24,Brazil,36751410.0,696485.0,0.0,20497.0,12284.42857142857,161.0,137.28571428571428,0.0,0.0
2023-01-25,Brazil,36768677.0,696603.0,0.0,17267.0,12976.142857142857,118.0,141.14285714285714,0.0,0.0
2023-01-26,Brazil,36768677.0,696603.0,0.0,0.0,12976.142857142857,0.0,141.14285714285714,0.0,0.0
2023-01-27,Brazil,36791267.0,696742.0,0.0,22590.0,11202.285714285714,139.0,79.14285714285714,0.0,0.0
2023-01-28,Brazil,36791267.0,696742.0,0.0,0.0,10538.0,0.0,69.71428571428571,0.0,0.0
2023-01-29,Brazil,36794261.0,696759.0,0.0,2994.0,10886.857142857143,17.0,71.71428571428571,0.0,0.0
2023-01-30,Brazil,36807814.0,696892.0,0.0,13553.0,10985.857142857143,133.0,81.14285714285714,0.0,0.0
2023-01-31,Brazil,36824580.0,697074.0,0.0,16766.0,10452.857142857143,182.0,84.14285714285714,0.0,0.0
2023-02-01,Brazil,36837943.0,697200.0,0.0,13363.0,9895.142857142857,126.0,85.28571428571429,0.0,0.0
2023-02-02,Brazil,36837943.0,697200.0,0.0,0.0,9895.142857142857,0.0,85.28571428571429,0.0,0.0
2023-02-03,Brazil,36866283.0,697353.0,0.0,28340.0,10716.57142857143,153.0,87.28571428571429,0.0,0.0
2023-02-04,Brazil,36867401.0,697365.0,0.0,1118.0,10876.285714285714,12.0,89.0,0.0,0.0
2023-02-05,Brazil,36867401.0,697365.0,0.0,0.0,10448.57142857143,0.0,86.57142857142857,0.0,0.0
2023-02-06,Brazil,36878774.0,697439.0,0.0,11373.0,10137.142857142857,74.0,78.14285714285714,0.0,0.0
2023-02-07,Brazil,36887991.0,697533.0,0.0,9217.0,9058.714285714286,94.0,65.57142857142857,0.0,0.0
2023-02-08,Brazil,36897683.0,697626.0,0.0,9692.0,8534.285714285714,93.0,60.857142857142854,0.0,0.0
2023-02-09,Brazil,36905201.0,697663.0,0.0,7518.0,9608.285714285714,37.0,66.14285714285714,0.0,0.0
2023-02-10,Brazil,36917623.0,697620.0,0.0,12422.0,7334.285714285715,-43.0,38.142857142857146,0.0,0.0
2023-02-11,Brazil,36930339.0,697662.0,0.0,12716.0,8991.142857142857,42.0,42.42857142857143,0.0,0.0
2023-02-12,Brazil,36932830.0,697674.0,0.0,2491.0,9347.0,12.0,44.142857142857146,0.0,0.0
2023-02-13,Brazil,36953492.0,697762.0,0.0,20662.0,10674.0,88.0,46.142857142857146,0.0,0.0
2023-02-14,Brazil,36953492.0,697762.0,0.0,0.0,9357.285714285714,0.0,32.714285714285715,0.0,0.0
2023-02-15,Brazil,36971440.0,697904.0,0.0,17948.0,10536.714285714286,142.0,39.714285714285715,0.0,0.0
2023-02-16,Brazil,36970513.0,698018.0,0.0,-927.0,9330.285714285714,114.0,50.714285714285715,0.0,0.0
2023-02-17,Brazil,36970513.0,698018.0,0.0,0.0,7555.714285714285,0.0,56.857142857142854,0.0,0.0
2023-02-18,Brazil,36987682.0,698050.0,0.0,17169.0,8191.857142857143,32.0,55.42857142857143,0.0,0.0
2023-02-19,Brazil,36987682.0,698050.0,0.0,0.0,7836.0,0.0,53.714285714285715,0.0,0.0
2023-02-20,Brazil,36987682.0,698050.0,0.0,0.0,4884.285714285715,0.0,41.142857142857146,0.0,0.0
2023-02-21,Brazil,36987682.0,698050.0,0.0,0.0,4884.285714285715,0.0,41.142857142857146,0.0,0.0
2023-02-22,Brazil,36997328.0,698382.0,0.0,9646.0,3698.285714285714,332.0,68.28571428571429,0.0,0.0
2023-02-23,Brazil,37008944.0,698834.0,0.0,11616.0,5490.142857142857,452.0,116.57142857142857,0.0,0.0
2023-02-24,Brazil,37020531.0,698928.0,0.0,11587.0,7145.428571428572,94.0,130.0,0.0,0.0
2023-02-25,Brazil,37020531.0,698928.0,0.0,0.0,4692.714285714285,0.0,125.42857142857143,0.0,0.0
2023-02-26,Brazil,37020531.0,698928.0,0.0,0.0,4692.714285714285,0.0,125.42857142857143,0.0,0.0
2023-02-27,Brazil,37038230.0,699006.0,0.0,17699.0,7221.142857142857,78.0,136.57142857142858,0.0,0.0
2023-02-28,Brazil,37052936.0,699087.0,0.0,14706.0,9322.0,81.0,148.14285714285714,0.0,0.0
2023-03-01,Brazil,37063464.0,699197.0,0.0,10528.0,9448.0,110.0,116.42857142857143,0.0,0.0
2023-03-02,Brazil,37063464.0,699197.0,0.0,0.0,7788.571428571428,0.0,51.857142857142854,0.0,0.0
2023-03-03,Brazil,37081209.0,699276.0,0.0,17745.0,8668.285714285714,79.0,49.714285714285715,0.0,0.0
2023-03-04,Brazil,37081209.0,699276.0,0.0,0.0,8668.285714285714,0.0,49.714285714285715,0.0,0.0
2023-03-05,Brazil,37081209.0,699276.0,0.0,0.0,8668.285714285714,0.0,49.714285714285715,0.0,0.0
2023-03-06,Brazil,37076053.0,699276.0,0.0,-5156.0,5403.285714285715,0.0,38.57142857142857,0.0,0.0
2023-03-07,Brazil,37076053.0,699276.0,0.0,0.0,3302.4285714285716,0.0,27.0,0.0,0.0
2023-03-08,Brazil,37076053.0,699276.0,0.0,0.0,1798.4285714285713,0.0,11.285714285714286,0.0,0.0
2023-03-09,Brazil,37076053.0,699276.0,0.0,0.0,1798.4285714285713,0.0,11.285714285714286,0.0,0.0
2022-03-10,France,23492815.0,140904.0,0.0,,,,,,
2022-03-11,France,23565274.0,141054.0,0.0,72459.0,72459.0,150.0,150.0,0.0,0.0
2022-03-12,France,23635798.0,141104.0,0.0,70524.0,71491.5,50.0,100.0,0.0,0.0
2022-03-13,France,23694834.0,141132.0,0.0,59036.0,67339.66666666667,28.0,76.0,0.0,0.0
2022-03-14,France,23717460.0,141321.0,0.0,22626.0,56161.25,189.0,104.25,0.0,0.0
2022-03-15,France,23834842.0,141467.0,0.0,117382.0,68405.4,146.0,112.6,0.0,0.0
2022-03-16,France,23943801.0,141640.0,0.0,108959.0,75164.33333333333,173.0,122.66666666666667,0.0,0.0
2022-03-17,France,24046195.0,141757.0,0.0,102394.0,79054.28571428571,117.0,121.85714285714286,0.0,0.0
2022-03-18,France,24143852.0,141869.0,0.0,97657.0,82654.0,112.0,116.42857142857143,0.0,0.0
2022-03-19,France,24241956.0,141931.0,0.0,98104.0,86594.0,62.0,118.14285714285714,0.0,0.0
2022-03-20,France,24323239.0,141961.0,0.0,81283.0,89772.14285714286,30.0,118.42857142857143,0.0,0.0
2022-03-21,France,24347772.0,142114.0,0.0,24533.0,90044.57142857143,153.0,113.28571428571429,0.0,0.0
2022-03-22,France,24528957.0,142248.0,0.0,181185.0,99159.28571428571,134.0,111.57142857142857,0.0,0.0
2022-03-23,France,24683075.0,142362.0,0.0,154118.0,105610.57142857143,114.0,103.14285714285714,0.0,0.0
2022-03-24,France,24823603.0,142476.0,0.0,140528.0,111058.28571428571,114.0,102.71428571428571,0.0,0.0
2022-03-25,France,24967222.0,142597.0,0.0,143619.0,117624.28571428571,121.0,104.0,0.0,0.0
2022-03-26,France,25106739.0,142664.0,0.0,139517.0,123540.42857142857,67.0,104.71428571428571,0.0,0.0
2022-03-27,France,25216913.0,142705.0,0.0,110174.0,127667.71428571429,41.0,106.28571428571429,0.0,0.0
2022-03-28,France,25246720.0,142855.0,0.0,29807.0,128421.14285714286,150.0,105.85714285714286,0.0,0.0
2022-03-29,France,25464389.0,143019.0,0.0,217669.0,133633.14285714287,164.0,110.14285714285714,0.0,0.0
2022-03-30,France,25633476.0,143168.0,0.0,169087.0,135771.57142857142,149.0,115.14285714285714,0.0,0.0
2022-03-31,France,25803173.0,143307.0,0.0,169697.0,139938.57142857142,139.0,118.71428571428571,0.0,0.0
2022-04-01,France,25952226.0,143441.0,0.0,149053.0,140714.85714285713,134.0,120.57142857142857,0.0,0.0
2022-04-02,France,26084340.0,143509.0,0.0,132114.0,139657.2857142857,68.0,120.71428571428571,0.0,0.0
2022-04-03,France,26186606.0,143540.0,0.0,102266.0,138527.57142857142,31.0,119.28571428571429,0.0,0.0
2022-04-04,France,26218724.0,143699.0,0.0,32118.0,138857.7142857143,159.0,120.57142857142857,0.0,0.0
2022-04-05,France,26428476.0,143832.0,0.0,209752.0,137726.7142857143,133.0,116.14285714285714,0.0,0.0
2022-04-06,France,26579448.0,143949.0,0.0,150972.0,135138.85714285713,117.0,111.57142857142857,0.0,0.0
2022-04-07,France,26738483.0,144054.0,0.0,159035.0,133615.7142857143,105.0,106.71428571428571,0.0,0.0
2022-04-08,France,26887490.0,144193.0,0.0,149007.0,133609.14285714287,139.0,107.42857142857143,0.0,0.0
2022-04-09,France,27029271.0,144280.0,0.0,141781.0,134990.14285714287,87.0,110.14285714285714,0.0,0.0
2022-04-10,France,27136925.0,144325.0,0.0,107654.0,135759.85714285713,45.0,112.14285714285714,0.0,0.0
2022-04-11,France,27162463.0,144503.0,0.0,25538.0,134819.85714285713,178.0,114.85714285714286,0.0,0.0
2022-04-12,France,27353225.0,144662.0,0.0,190762.0,132107.0,159.0,118.57142857142857,0.0,0.0
2022-04-13,France,27499728.0,144814.0,0.0,146503.0,131468.57142857142,152.0,123.57142857142857,0.0,0.0
2022-04-14,France,27637292.0,144947.0,0.0,137564.0,128401.28571428571,133.0,127.57142857142857,0.0,0.0
2022-04-15,France,27762686.0,145098.0,0.0,125394.0,125028.0,151.0,129.28571428571428,0.0,0.0
2022-04-16,France,27874269.0,145159.0,0.0,111583.0,120714.0,61.0,125.57142857142857,0.0,0.0
2022-04-17,France,27960919.0,145194.0,0.0,86650.0,117713.42857142857,35.0,124.14285714285714,0.0,0.0
2022-04-18,France,27980729.0,145242.0,0.0,19810.0,116895.14285714286,48.0,105.57142857142857,0.0,0.0
2022-04-19,France,28006219.0,145424.0,0.0,25490.0,93284.85714285714,182.0,108.85714285714286,0.0,0.0
2022-04-20,France,28162002.0,145651.0,0.0,155783.0,94610.57142857143,227.0,119.57142857142857,0.0,0.0
2022-04-21,France,28266009.0,145836.0,0.0,104007.0,89816.71428571429,185.0,127.0,0.0,0.0
2022-04-22,France,28354529.0,145982.0,0.0,88520.0,84549.0,146.0,126.28571428571429,0.0,0.0
2022-04-23,France,28435100.0,146057.0,0.0,80571.0,80118.71428571429,75.0,128.28571428571428,0.0,0.0
2022-04-24,France,28494054.0,146097.0,0.0,58954.0,76162.14285714286,40.0,129.0,0.0,0.0
2022-04-25,France,28508116.0,146294.0,0.0,14062.0,75341.0,197.0,150.28571428571428,0.0,0.0
2022-04-26,France,28605614.0,146464.0,0.0,97498.0,85627.85714285714,170.0,148.57142857142858,0.0,0.0
2022-04-27,France,28673411.0,146616.0,0.0,67797.0,73058.42857142857,152.0,137.85714285714286,0.0,0.0
2022-04-28,France,28733434.0,146748.0,0.0,60023.0,66775.0,132.0,130.28571428571428,0.0,0.0
2022-04-29,France,28786413.0,146906.0,0.0,52979.0,61697.71428571428,158.0,132.0,0.0,0.0
2022-04-30,France,28835895.0,146967.0,0.0,49482.0,57256.42857142857,61.0,130.0,0.0,0.0
2022-05-01,France,28872621.0,146999.0,0.0,36726.0,54081.0,32.0,128.85714285714286,0.0,0.0
2022-05-02,France,28881384.0,147179.0,0.0,8763.0,53324.0,180.0,126.42857142857143,0.0,0.0
2022-05-03,France,28948497.0,147299.0,0.0,67113.0,48983.28571428572,120.0,119.28571428571429,0.0,0.0
2022-05-04,France,28996577.0,147413.0,0.0,48080.0,46166.57142857143,114.0,113.85714285714286,0.0,0.0
2022-05-05,France,29040934.0,147535.0,0.0,44357.0,43928.57142857143,122.0,112.42857142857143,0.0,0.0
2022-05-06,France,29081169.0,147645.0,0.0,40235.0,42108.0,110.0,105.57142857142857,0.0,0.0
2022-05-07,France,29119127.0,147707.0,0.0,37958.0,40461.71428571428,62.0,105.71428571428571,0.0,0.0
2022-05-08,France,29148451.0,147761.0,0.0,29324.0,39404.28571428572,54.0,108.85714285714286,0.0,0.0
2022-05-09,France,29155815.0,147893.0,0.0,7364.0,39204.42857142857,132.0,102.0,0.0,0.0
2022-05-10,France,29212276.0,148016.0,0.0,56461.0,37682.71428571428,123.0,102.42857142857143,0.0,0.0
2022-05-11,France,29252875.0,148112.0,0.0,40599.0,36614.0,96.0,99.85714285714286,0.0,0.0
2022-05-12,France,29289023.0,148196.0,0.0,36148.0,35441.28571428572,84.0,94.42857142857143,0.0,0.0
2022-05-13,France,29321831.0,148295.0,0.0,32808.0,34380.28571428572,99.0,92.85714285714286,0.0,0.0
2022-05-14,France,29352290.0,148306.0,0.0,30459.0,33309.0,11.0,85.57142857142857,0.0,0.0
2022-05-15,France,29375134.0,148313.0,0.0,22844.0,32383.285714285714,7.0,78.85714285714286,0.0,0.0
2022-05-16,France,29381085.0,148516.0,0.0,5951.0,32181.428571428572,203.0,89.0,0.0,0.0
2022-05-17,France,29424812.0,148606.0,0.0,43727.0,30362.285714285714,90.0,84.28571428571429,0.0,0.0
2022-05-18,France,29489304.0,148686.0,0.0,64492.0,33775.57142857143,80.0,82.0,0.0,0.0
2022-05-19,France,29517146.0,148753.0,0.0,27842.0,32589.0,67.0,79.57142857142857,0.0,0.0
2022-05-20,France,29541498.0,148818.0,0.0,24352.0,31381.0,65.0,74.71428571428571,0.0,0.0
2022-05-21,France,29564005.0,148820.0,0.0,22507.0,30245.0,2.0,73.42857142857143,0.0,0.0
2022-05-22,France,29580970.0,148823.0,0.0,16965.0,29405.14285714286,3.0,72.85714285714286,0.0,0.0
2022-05-23,France,29551335.0,148955.0,0.0,-29635.0,24321.428571428572,132.0,62.714285714285715,0.0,0.0
2022-05-24,France,29583616.0,149044.0,0.0,32281.0,22686.285714285714,89.0,62.57142857142857,0.0,0.0
2022-05-25,France,29605758.0,149095.0,0.0,22142.0,16636.285714285714,51.0,58.42857142857143,0.0,0.0
2022-05-26,France,29626992.0,149123.0,0.0,21234.0,15692.285714285714,28.0,52.857142857142854,0.0,0.0
2022-05-27,France,29631816.0,149168.0,0.0,4824.0,12902.57142857143,45.0,50.0,0.0,0.0
2022-05-28,France,29655398.0,149168.0,0.0,23582.0,13056.142857142857,0.0,49.714285714285715,0.0,0.0
2022-05-29,France,29671838.0,149169.0,0.0,16440.0,12981.142857142857,1.0,49.42857142857143,0.0,0.0
2022-05-30,France,29676522.0,149290.0,0.0,4684.0,17883.85714285714,121.0,47.857142857142854,0.0,0.0
2022-05-31,France,29711870.0,149366.0,0.0,35348.0,18322.0,76.0,46.0,0.0,0.0
2022-06-01,France,29738170.0,149424.0,0.0,26300.0,18916.0,58.0,47.0,0.0,0.0
2022-06-02,France,29763546.0,149465.0,0.0,25376.0,19507.714285714286,41.0,48.857142857142854,0.0,0.0
2022-06-03,France,29788676.0,149503.0,0.0,25130.0,22408.571428571428,38.0,47.857142857142854,0.0,0.0
2022-06-04,France,29813848.0,149506.0,0.0,25172.0,22635.714285714286,3.0,48.285714285714285,0.0,0.0
2022-06-05,France,29834390.0,149509.0,0.0,20542.0,23221.714285714286,3.0,48.57142857142857,0.0,0.0
2022-06-06,France,29840626.0,149509.0,0.0,6236.0,23443.428571428572,0.0,31.285714285714285,0.0,0.0
2022-06-07,France,29852463.0,149630.0,0.0,11837.0,20084.714285714286,121.0,37.714285714285715,0.0,0.0
2022-06-08,France,29906452.0,149707.0,0.0,53989.0,24040.285714285714,77.0,40.42857142857143,0.0,0.0
2022-06-09,France,29946603.0,149749.0,0.0,40151.0,26151.0,42.0,40.57142857142857,0.0,0.0
2022-06-10,France,29946697.0,149749.0,0.0,94.0,22574.428571428572,0.0,35.142857142857146,0.0,0.0
2022-06-11,France,29946603.0,149788.0,0.0,-94.0,18965.0,39.0,40.285714285714285,0.0,0.0
2022-06-12,France,29946603.0,149788.0,0.0,0.0,16030.42857142857,0.0,39.857142857142854,0.0,0.0
2022-06-13,France,29946647.0,149788.0,0.0,44.0,15145.857142857143,0.0,39.857142857142854,0.0,0.0
2022-06-14,France,30123426.0,149937.0,0.0,176779.0,38709.0,149.0,43.857142857142854,0.0,0.0
2022-06-15,France,30175534.0,149986.0,0.0,52108.0,38440.28571428572,49.0,39.857142857142854,0.0,0.0
2022-06-16,France,30228615.0,150035.0,0.0,53081.0,40287.42857142857,49.0,40.857142857142854,0.0,0.0
2022-06-17,France,30279240.0,150078.0,0.0,50625.0,47506.142857142855,43.0,47.0,0.0,0.0
2022-06-18,France,30279240.0,150078.0,0.0,0.0,47519.57142857143,0.0,41.42857142857143,0.0,0.0
2022-06-19,France,30279240.0,150078.0,0.0,0.0,47519.57142857143,0.0,41.42857142857143,0.0,0.0
2022-06-20,France,30381221.0,150145.0,0.0,101981.0,62082.0,67.0,51.0,0.0,0.0
2022-06-21,France,30476915.0,150201.0,0.0,95694.0,50498.42857142857,56.0,37.714285714285715,0.0,0.0
2022-06-22,France,30555038.0,150267.0,0.0,78123.0,54214.857142857145,66.0,40.142857142857146,0.0,0.0
2022-06-23,France,30634890.0,150307.0,0.0,79852.0,58039.28571428572,40.0,38.857142857142854,0.0,0.0
2022-06-24,France,30714200.0,150356.0,0.0,79310.0,62137.142857142855,49.0,39.714285714285715,0.0,0.0
2022-06-25,France,30714200.0,150356.0,0.0,0.0,62137.142857142855,0.0,39.714285714285715,0.0,0.0
2022-06-26,France,30714200.0,150356.0,0.0,0.0,62137.142857142855,0.0,39.714285714285715,0.0,0.0
2022-06-27,France,30879062.0,150445.0,0.0,164862.0,71120.14285714286,89.0,42.857142857142854,0.0,0.0
2022-06-28,France,31027099.0,150482.0,0.0,148037.0,78597.71428571429,37.0,40.142857142857146,0.0,0.0
2022-06-29,France,31151971.0,150530.0,0.0,124872.0,85276.14285714286,48.0,37.57142857142857,0.0,0.0
2022-06-30,France,31285317.0,150572.0,0.0,133346.0,92918.14285714286,42.0,37.857142857142854,0.0,0.0
2022-07-01,France,31410383.0,150624.0,0.0,125066.0,99454.71428571429,52.0,38.285714285714285,0.0,0.0
2022-07-02,France,31410383.0,150624.0,0.0,0.0,99454.71428571429,0.0,38.285714285714285,0.0,0.0
2022-07-03,France,31410383.0,150624.0,0.0,0.0,99454.71428571429,0.0,38.285714285714285,0.0,0.0
2022-07-04,France,31653749.0,150765.0,0.0,243366.0,110669.57142857143,141.0,45.714285714285715,0.0,0.0
2022-07-05,France,31861391.0,150840.0,0.0,207642.0,119184.57142857143,75.0,51.142857142857146,0.0,0.0
2022-07-06,France,32016207.0,150893.0,0.0,154816.0,123462.28571428571,53.0,51.857142857142854,0.0,0.0
2022-07-07,France,32177472.0,150982.0,0.0,161265.0,127450.71428571429,89.0,58.57142857142857,0.0,0.0
2022-07-08,France,32318670.0,151056.0,0.0,141198.0,129755.28571428571,74.0,61.714285714285715,0.0,0.0
2022-07-09,France,32318670.0,151056.0,0.0,0.0,129755.28571428571,0.0,61.714285714285715,0.0,0.0
2022-07-10,France,32318670.0,151056.0,0.0,0.0,129755.28571428571,0.0,61.714285714285715,0.0,0.0
2022-07-11,France,32570121.0,151218.0,0.0,251451.0,130910.28571428571,162.0,64.71428571428571,0.0,0.0
2022-07-12,France,32753754.0,151345.0,0.0,183633.0,127480.42857142857,127.0,72.14285714285714,0.0,0.0
2022-07-13,France,32881645.0,151454.0,0.0,127891.0,123634.0,109.0,80.14285714285714,0.0,0.0
2022-07-14,France,32881645.0,151454.0,0.0,0.0,100596.14285714286,0.0,67.42857142857143,0.0,0.0
2022-07-15,France,32881809.0,151454.0,0.0,164.0,80448.42857142857,0.0,56.857142857142854,0.0,0.0
2022-07-16,France,32881809.0,151454.0,0.0,0.0,80448.42857142857,0.0,56.857142857142854,0.0,0.0
2022-07-17,France,32881809.0,151454.0,0.0,0.0,80448.42857142857,0.0,56.857142857142854,0.0,0.0
2022-07-18,France,33239622.0,151875.0,0.0,357813.0,95643.0,421.0,93.85714285714286,0.0,0.0
2022-07-19,France,33375449.0,152019.0,0.0,135827.0,88813.57142857143,144.0,96.28571428571429,0.0,0.0
2022-07-20,France,33465759.0,152144.0,0.0,90310.0,83444.85714285714,125.0,98.57142857142857,0.0,0.0
2022-07-21,France,33546628.0,152277.0,0.0,80869.0,94997.57142857143,133.0,117.57142857142857,0.0,0.0
2022-07-22,France,33621366.0,152390.0,0.0,74738.0,105651.0,113.0,133.71428571428572,0.0,0.0
2022-07-23,France,33621366.0,152390.0,0.0,0.0,105651.0,0.0,133.71428571428572,0.0,0.0
2022-07-24,France,33621366.0,152390.0,0.0,0.0,105651.0,0.0,133.71428571428572,0.0,0.0
2022-07-25,France,33751295.0,152600.0,0.0,129929.0,73096.14285714286,210.0,103.57142857142857,0.0,0.0
2022-07-26,France,33840851.0,152719.0,0.0,89556.0,66486.0,119.0,100.0,0.0,0.0
2022-07-27,France,33899799.0,152822.0,0.0,58948.0,62005.71428571428,103.0,96.85714285714286,0.0,0.0
2022-07-28,France,33951450.0,152934.0,0.0,51651.0,57831.71428571428,112.0,93.85714285714286,0.0,0.0
2022-07-29,France,33997224.0,153023.0,0.0,45774.0,53694.0,89.0,90.42857142857143,0.0,0.0
2022-07-30,France,33997224.0,153023.0,0.0,0.0,53694.0,0.0,90.42857142857143,0.0,0.0
2022-07-31,France,33997224.0,153023.0,0.0,0.0,53694.0,0.0,90.42857142857143,0.0,0.0
2022-08-01,France,34077286.0,153219.0,0.0,80062.0,46570.142857142855,196.0,88.42857142857143,0.0,0.0
2022-08-02,France,34133344.0,153320.0,0.0,56058.0,41784.71428571428,101.0,85.85714285714286,0.0,0.0
2022-08-03,France,34172819.0,153410.0,0.0,39475.0,39002.857142857145,90.0,84.0,0.0,0.0
2022-08-04,France,34206310.0,153497.0,0.0,33491.0,36408.57142857143,87.0,80.42857142857143,0.0,0.0
2022-08-05,France,34237067.0,153577.0,0.0,30757.0,34263.28571428572,80.0,79.14285714285714,0.0,0.0
2022-08-06,France,34237067.0,153577.0,0.0,0.0,34263.28571428572,0.0,79.14285714285714,0.0,0.0
2022-08-07,France,34237067.0,153577.0,0.0,0.0,34263.28571428572,0.0,79.14285714285714,0.0,0.0
2022-08-08,France,34292342.0,153751.0,0.0,55275.0,30722.285714285714,174.0,76.0,0.0,0.0
2022-08-09,France,34331725.0,153862.0,0.0,39383.0,28340.14285714286,111.0,77.42857142857143,0.0,0.0
2022-08-10,France,34359013.0,153950.0,0.0,27288.0,26599.14285714286,88.0,77.14285714285714,0.0,0.0
2022-08-11,France,34383344.0,154030.0,0.0,24331.0,25290.571428571428,80.0,76.14285714285714,0.0,0.0
2022-08-12,France,34406092.0,154104.0,0.0,22748.0,24146.428571428572,74.0,75.28571428571429,0.0,0.0
2022-08-13,France,34406092.0,154104.0,0.0,0.0,24146.428571428572,0.0,75.28571428571429,0.0,0.0
2022-08-14,France,34406092.0,154104.0,0.0,0.0,24146.428571428572,0.0,75.28571428571429,0.0,0.0
2022-08-15,France,34406296.0,154104.0,0.0,204.0,16279.142857142857,0.0,50.42857142857143,0.0,0.0
2022-08-16,France,34455445.0,154282.0,0.0,49149.0,17674.285714285714,178.0,60.0,0.0,0.0
2022-08-17,France,34491381.0,154375.0,0.0,35936.0,18909.714285714286,93.0,60.714285714285715,0.0,0.0
2022-08-18,France,34514986.0,154467.0,0.0,23605.0,18806.0,92.0,62.42857142857143,0.0,0.0
2022-08-19,France,34535255.0,154541.0,0.0,20269.0,18451.85714285714,74.0,62.42857142857143,0.0,0.0
2022-08-20,France,34535255.0,154541.0,0.0,0.0,18451.85714285714,0.0,62.42857142857143,0.0,0.0
2022-08-21,France,34535255.0,154541.0,0.0,0.0,18451.85714285714,0.0,62.42857142857143,0.0,0.0
2022-08-22,France,34573992.0,154657.0,0.0,38737.0,23956.571428571428,116.0,79.0,0.0,0.0
2022-08-23,France,34603400.0,154745.0,0.0,29408.0,21136.428571428572,88.0,66.14285714285714,0.0,0.0
2022-08-24,France,34624825.0,154802.0,0.0,21425.0,19063.428571428572,57.0,61.0,0.0,0.0
2022-08-25,France,34644718.0,154846.0,0.0,19893.0,18533.14285714286,44.0,54.142857142857146,0.0,0.0
2022-08-26,France,34662834.0,154897.0,0.0,18116.0,18225.571428571428,51.0,50.857142857142854,0.0,0.0
2022-08-27,France,34662834.0,154897.0,0.0,0.0,18225.571428571428,0.0,50.857142857142854,0.0,0.0
2022-08-28,France,34662834.0,154897.0,0.0,0.0,18225.571428571428,0.0,50.857142857142854,0.0,0.0
2022-08-29,France,34698583.0,155007.0,0.0,35749.0,17798.714285714286,110.0,50.0,0.0,0.0
2022-08-30,France,34726269.0,155079.0,0.0,27686.0,17552.714285714286,72.0,47.714285714285715,0.0,0.0
2022-08-31,France,34745833.0,155133.0,0.0,19564.0,17286.85714285714,54.0,47.285714285714285,0.0,0.0
2022-09-01,France,34764504.0,155174.0,0.0,18671.0,17112.285714285714,41.0,46.857142857142854,0.0,0.0
2022-09-02,France,34780903.0,155229.0,0.0,16399.0,16867.0,55.0,47.42857142857143,0.0,0.0
2022-09-03,France,34780903.0,155229.0,0.0,0.0,16867.0,0.0,47.42857142857143,0.0,0.0
2022-09-04,France,34780903.0,155229.0,0.0,0.0,16867.0,0.0,47.42857142857143,0.0,0.0
2022-09-05,France,34812853.0,155313.0,0.0,31950.0,16324.285714285714,84.0,43.714285714285715,0.0,0.0
2022-09-06,France,34839791.0,155373.0,0.0,26938.0,16217.42857142857,60.0,42.0,0.0,0.0
2022-09-07,France,34859956.0,155419.0,0.0,20165.0,16303.285714285714,46.0,40.857142857142854,0.0,0.0
2022-09-08,France,34879822.0,155477.0,0.0,19866.0,16474.0,58.0,43.285714285714285,0.0,0.0
2022-09-09,France,34898909.0,155508.0,0.0,19087.0,16858.0,31.0,39.857142857142854,0.0,0.0
2022-09-10,France,34898909.0,155508.0,0.0,0.0,16858.0,0.0,39.857142857142854,0.0,0.0
2022-09-11,France,34898909.0,155508.0,0.0,0.0,16858.0,0.0,39.857142857142854,0.0,0.0
2022-09-12,France,34939449.0,155569.0,0.0,40540.0,18085.14285714286,61.0,36.57142857142857,0.0,0.0
2022-09-13,France,34985401.0,155633.0,0.0,45952.0,20801.428571428572,64.0,37.142857142857146,0.0,0.0
2022-09-14,France,35015024.0,155651.0,0.0,29623.0,22152.571428571428,18.0,33.142857142857146,0.0,0.0
2022-09-15,France,35048305.0,155684.0,0.0,33281.0,24069.0,33.0,29.571428571428573,0.0,0.0
2022-09-16,France,35076991.0,155712.0,0.0,28686.0,25440.285714285714,28.0,29.142857142857142,0.0,0.0
2022-09-17,France,35076991.0,155712.0,0.0,0.0,25440.285714285714,0.0,29.142857142857142,0.0,0.0
2022-09-18,France,35076991.0,155712.0,0.0,0.0,25440.285714285714,0.0,29.142857142857142,0.0,0.0
2022-09-19,France,35138509.0,155783.0,0.0,61518.0,28437.14285714286,71.0,30.571428571428573,0.0,0.0
2022-09-20,France,35190357.0,155831.0,0.0,51848.0,29279.428571428572,48.0,28.285714285714285,0.0,0.0
2022-09-21,France,35228660.0,155864.0,0.0,38303.0,30519.428571428572,33.0,30.428571428571427,0.0,0.0
2022-09-22,France,35267124.0,155894.0,0.0,38464.0,31259.85714285714,30.0,30.0,0.0,0.0
2022-09-23,France,35304648.0,155927.0,0.0,37524.0,32522.428571428572,33.0,30.714285714285715,0.0,0.0
2022-09-24,France,35304648.0,155927.0,0.0,0.0,32522.428571428572,0.0,30.714285714285715,0.0,0.0
2022-09-25,France,35304648.0,155927.0,0.0,0.0,32522.428571428572,0.0,30.714285714285715,0.0,0.0
2022-09-26,France,35381526.0,156000.0,0.0,76878.0,34716.71428571428,73.0,31.0,0.0,0.0
2022-09-27,France,35456751.0,156049.0,0.0,75225.0,38056.28571428572,49.0,31.142857142857142,0.0,0.0
2022-09-28,France,35508658.0,156085.0,0.0,51907.0,39999.71428571428,36.0,31.571428571428573,0.0,0.0
2022-09-29,France,35560024.0,156118.0,0.0,51366.0,41842.857142857145,33.0,32.0,0.0,0.0
2022-09-30,France,35608285.0,156152.0,0.0,48261.0,43376.71428571428,34.0,32.142857142857146,0.0,0.0
2022-10-01,France,35608285.0,156152.0,0.0,0.0,43376.71428571428,0.0,32.142857142857146,0.0,0.0
2022-10-02,France,35608285.0,156152.0,0.0,0.0,43376.71428571428,0.0,32.142857142857146,0.0,0.0
2022-10-03,France,35701024.0,156238.0,0.0,92739.0,45642.57142857143,86.0,34.0,0.0,0.0
2022-10-04,France,35790213.0,156312.0,0.0,89189.0,47637.42857142857,74.0,37.57142857142857,0.0,0.0
2022-10-05,France,35856904.0,156359.0,0.0,66691.0,49749.42857142857,47.0,39.142857142857146,0.0,0.0
2022-10-06,France,35922441.0,156409.0,0.0,65537.0,51773.857142857145,50.0,41.57142857142857,0.0,0.0
2022-10-07,France,35983605.0,156462.0,0.0,61164.0,53617.142857142855,53.0,44.285714285714285,0.0,0.0
2022-10-08,France,35983605.0,156462.0,0.0,0.0,53617.142857142855,0.0,44.285714285714285,0.0,0.0
2022-10-09,France,35983605.0,156462.0,0.0,0.0,53617.142857142855,0.0,44.285714285714285,0.0,0.0
2022-10-10,France,36092874.0,156575.0,0.0,109269.0,55978.57142857143,113.0,48.142857142857146,0.0,0.0
2022-10-11,France,36187658.0,156660.0,0.0,94784.0,56777.857142857145,85.0,49.714285714285715,0.0,0.0
2022-10-12,France,36255606.0,156715.0,0.0,67948.0,56957.42857142857,55.0,50.857142857142854,0.0,0.0
2022-10-13,France,36319858.0,156777.0,0.0,64252.0,56773.857142857145,62.0,52.57142857142857,0.0,0.0
2022-10-14,France,36381207.0,156856.0,0.0,61349.0,56800.28571428572,79.0,56.285714285714285,0.0,0.0
2022-10-15,France,36381207.0,156856.0,0.0,0.0,56800.28571428572,0.0,56.285714285714285,0.0,0.0
2022-10-16,France,36381207.0,156856.0,0.0,0.0,56800.28571428572,0.0,56.285714285714285,0.0,0.0
2022-10-17,France,36487995.0,157020.0,0.0,106788.0,56445.857142857145,164.0,63.57142857142857,0.0,0.0
2022-10-18,France,36575661.0,157121.0,0.0,87666.0,55429.0,101.0,65.85714285714286,0.0,0.0
2022-10-19,France,36638723.0,157227.0,0.0,63062.0,54731.0,106.0,73.14285714285714,0.0,0.0
2022-10-20,France,36695541.0,157296.0,0.0,56818.0,53669.0,69.0,74.14285714285714,0.0,0.0
2022-10-21,France,36744628.0,157377.0,0.0,49087.0,51917.28571428572,81.0,74.42857142857143,0.0,0.0
2022-10-22,France,36744628.0,157377.0,0.0,0.0,51917.28571428572,0.0,74.42857142857143,0.0,0.0
2022-10-23,France,36744628.0,157377.0,0.0,0.0,51917.28571428572,0.0,74.42857142857143,0.0,0.0
2022-10-24,France,36826751.0,157549.0,0.0,82123.0,48393.71428571428,172.0,75.57142857142857,0.0,0.0
2022-10-25,France,36886459.0,157680.0,0.0,59708.0,44399.71428571428,131.0,79.85714285714286,0.0,0.0
2022-10-26,France,36927700.0,157740.0,0.0,41241.0,41282.42857142857,60.0,73.28571428571429,0.0,0.0
2022-10-27,France,36964789.0,157811.0,0.0,37089.0,38464.0,71.0,73.57142857142857,0.0,0.0
2022-10-28,France,36990572.0,157872.0,0.0,25783.0,35134.857142857145,61.0,70.71428571428571,0.0,0.0
2022-10-29,France,36990572.0,157872.0,0.0,0.0,35134.857142857145,0.0,70.71428571428571,0.0,0.0
2022-10-30,France,36990572.0,157872.0,0.0,0.0,35134.857142857145,0.0,70.71428571428571,0.0,0.0
2022-10-31,France,37033519.0,158034.0,0.0,42947.0,29538.285714285714,162.0,69.28571428571429,0.0,0.0
2022-11-01,France,37033582.0,158034.0,0.0,63.0,21017.571428571428,0.0,50.57142857142857,0.0,0.0
2022-11-02,France,37068741.0,158184.0,0.0,35159.0,20148.714285714286,150.0,63.42857142857143,0.0,0.0
2022-11-03,France,37110800.0,158239.0,0.0,42059.0,20858.714285714286,55.0,61.142857142857146,0.0,0.0
2022-11-04,France,37140238.0,158317.0,0.0,29438.0,21380.85714285714,78.0,63.57142857142857,0.0,0.0
2022-11-05,France,37140238.0,158317.0,0.0,0.0,21380.85714285714,0.0,63.57142857142857,0.0,0.0
2022-11-06,France,37140238.0,158317.0,0.0,0.0,21380.85714285714,0.0,63.57142857142857,0.0,0.0
2022-11-07,France,37191901.0,158469.0,0.0,51663.0,22626.0,152.0,62.142857142857146,0.0,0.0
2022-11-08,France,37232493.0,158586.0,0.0,40592.0,28415.85714285714,117.0,78.85714285714286,0.0,0.0
2022-11-09,France,37261364.0,158658.0,0.0,28871.0,27517.571428571428,72.0,67.71428571428571,0.0,0.0
2022-11-10,France,37288432.0,158711.0,0.0,27068.0,25376.0,53.0,67.42857142857143,0.0,0.0
2022-11-11,France,37288432.0,158711.0,0.0,0.0,21170.571428571428,0.0,56.285714285714285,0.0,0.0
2022-11-12,France,37288432.0,158711.0,0.0,0.0,21170.571428571428,0.0,56.285714285714285,0.0,0.0
2022-11-13,France,37288432.0,158711.0,0.0,0.0,21170.571428571428,0.0,56.285714285714285,0.0,0.0
2022-11-14,France,37354169.0,158861.0,0.0,65737.0,23181.14285714286,150.0,56.0,0.0,0.0
2022-11-15,France,37403757.0,158981.0,0.0,49588.0,24466.285714285714,120.0,56.42857142857143,0.0,0.0
2022-11-16,France,37437677.0,159042.0,0.0,33920.0,25187.571428571428,61.0,54.857142857142854,0.0,0.0
2022-11-17,France,37471008.0,159129.0,0.0,33331.0,26082.285714285714,87.0,59.714285714285715,0.0,0.0
2022-11-18,France,37508185.0,159203.0,0.0,37177.0,31393.285714285714,74.0,70.28571428571429,0.0,0.0
2022-11-19,France,37508185.0,159203.0,0.0,0.0,31393.285714285714,0.0,70.28571428571429,0.0,0.0
2022-11-20,France,37508185.0,159203.0,0.0,0.0,31393.285714285714,0.0,70.28571428571429,0.0,0.0
2022-11-21,France,37576243.0,159378.0,0.0,68058.0,31724.85714285714,175.0,73.85714285714286,0.0,0.0
2022-11-22,France,37641319.0,159467.0,0.0,65076.0,33937.42857142857,89.0,69.42857142857143,0.0,0.0
2022-11-23,France,37690658.0,159551.0,0.0,49339.0,36140.142857142855,84.0,72.71428571428571,0.0,0.0
2022-11-24,France,37741188.0,159611.0,0.0,50530.0,38597.142857142855,60.0,68.85714285714286,0.0,0.0
2022-11-25,France,37789817.0,159679.0,0.0,48629.0,40233.142857142855,68.0,68.0,0.0,0.0
2022-11-26,France,37789817.0,159679.0,0.0,0.0,40233.142857142855,0.0,68.0,0.0,0.0
2022-11-27,France,37789817.0,159679.0,0.0,0.0,40233.142857142855,0.0,68.0,0.0,0.0
2022-11-28,France,37885199.0,159811.0,0.0,95382.0,44136.57142857143,132.0,61.857142857142854,0.0,0.0
2022-11-29,France,37979248.0,159915.0,0.0,94049.0,48275.57142857143,104.0,64.0,0.0,0.0
2022-11-30,France,38046448.0,159990.0,0.0,67200.0,50827.142857142855,75.0,62.714285714285715,0.0,0.0
2022-12-01,France,38115885.0,160066.0,0.0,69437.0,53528.142857142855,76.0,65.0,0.0,0.0
2022-12-02,France,38174893.0,160133.0,0.0,59008.0,55010.857142857145,67.0,64.85714285714286,0.0,0.0
2022-12-03,France,38174893.0,160133.0,0.0,0.0,55010.857142857145,0.0,64.85714285714286,0.0,0.0
2022-12-04,France,38174893.0,160133.0,0.0,0.0,55010.857142857145,0.0,64.85714285714286,0.0,0.0
2022-12-05,France,38278536.0,160285.0,0.0,103643.0,56191.0,152.0,67.71428571428571,0.0,0.0
2022-12-06,France,38384992.0,160402.0,0.0,106456.0,57963.42857142857,117.0,69.57142857142857,0.0,0.0
2022-12-07,France,38461021.0,160495.0,0.0,76029.0,59224.71428571428,93.0,72.14285714285714,0.0,0.0
2022-12-08,France,38532642.0,160558.0,0.0,71621.0,59536.71428571428,63.0,70.28571428571429,0.0,0.0
2022-12-09,France,38598292.0,160652.0,0.0,65650.0,60485.57142857143,94.0,74.14285714285714,0.0,0.0
2022-12-10,France,38598292.0,160652.0,0.0,0.0,60485.57142857143,0.0,74.14285714285714,0.0,0.0
2022-12-11,France,38598292.0,160652.0,0.0,0.0,60485.57142857143,0.0,74.14285714285714,0.0,0.0
2022-12-12,France,38717933.0,160913.0,0.0,119641.0,62771.0,261.0,89.71428571428571,0.0,0.0
2022-12-13,France,38815319.0,161049.0,0.0,97386.0,61475.28571428572,136.0,92.42857142857143,0.0,0.0
2022-12-14,France,38885679.0,161163.0,0.0,70360.0,60665.42857142857,114.0,95.42857142857143,0.0,0.0
2022-12-15,France,38948220.0,161269.0,0.0,62541.0,59368.28571428572,106.0,101.57142857142857,0.0,0.0
2022-12-16,France,39004649.0,161400.0,0.0,56429.0,58051.0,131.0,106.85714285714286,0.0,0.0
2022-12-17,France,39004649.0,161400.0,0.0,0.0,58051.0,0.0,106.85714285714286,0.0,0.0
2022-12-18,France,39004649.0,161400.0,0.0,0.0,58051.0,0.0,106.85714285714286,0.0,0.0
2022-12-19,France,39102670.0,161658.0,0.0,98021.0,54962.42857142857,258.0,106.42857142857143,0.0,0.0
2022-12-20,France,39174528.0,161788.0,0.0,71858.0,51315.57142857143,130.0,105.57142857142857,0.0,0.0
2022-12-21,France,39229380.0,161915.0,0.0,54852.0,49100.142857142855,127.0,107.42857142857143,0.0,0.0
2022-12-22,France,39278897.0,162035.0,0.0,49517.0,47239.57142857143,120.0,109.42857142857143,0.0,0.0
2022-12-23,France,39322741.0,162193.0,0.0,43844.0,45441.71428571428,158.0,113.28571428571429,0.0,0.0
2022-12-24,France,39322741.0,162193.0,0.0,0.0,45441.71428571428,0.0,113.28571428571429,0.0,0.0
2022-12-25,France,39322741.0,162193.0,0.0,0.0,45441.71428571428,0.0,113.28571428571429,0.0,0.0
2022-12-26,France,39363485.0,162193.0,0.0,40744.0,37259.28571428572,0.0,76.42857142857143,0.0,0.0
2022-12-27,France,39423584.0,162616.0,0.0,60099.0,35579.42857142857,423.0,118.28571428571429,0.0,0.0
2022-12-28,France,39449665.0,162756.0,0.0,26081.0,31469.285714285714,140.0,120.14285714285714,0.0,0.0
2022-12-29,France,39474380.0,162888.0,0.0,24715.0,27926.14285714286,132.0,121.85714285714286,0.0,0.0
2022-12-30,France,39498188.0,163003.0,0.0,23808.0,25063.85714285714,115.0,115.71428571428571,0.0,0.0
2022-12-31,France,39498188.0,163003.0,0.0,0.0,25063.85714285714,0.0,115.71428571428571,0.0,0.0
2023-01-01,France,39498188.0,163003.0,0.0,0.0,25063.85714285714,0.0,115.71428571428571,0.0,0.0
2023-01-02,France,39537275.0,163255.0,0.0,39087.0,24827.14285714286,252.0,151.71428571428572,0.0,0.0
2023-01-03,France,39560482.0,163418.0,0.0,23207.0,19556.85714285714,163.0,114.57142857142857,0.0,0.0
2023-01-04,France,39574616.0,163541.0,0.0,14134.0,17850.14285714286,123.0,112.14285714285714,0.0,0.0
2023-01-05,France,39586288.0,163684.0,0.0,11672.0,15986.857142857143,143.0,113.71428571428571,0.0,0.0
2023-01-06,France,39596671.0,163691.0,0.0,10383.0,14069.0,7.0,98.28571428571429,0.0,0.0
2023-01-07,France,39596671.0,163691.0,0.0,0.0,14069.0,0.0,98.28571428571429,0.0,0.0
2023-01-08,France,39596671.0,163691.0,0.0,0.0,14069.0,0.0,98.28571428571429,0.0,0.0
2023-01-09,France,39613891.0,164031.0,0.0,17220.0,10945.142857142857,340.0,110.85714285714286,0.0,0.0
2023-01-10,France,39625664.0,164146.0,0.0,11773.0,9311.714285714286,115.0,104.0,0.0,0.0
2023-01-11,France,39633417.0,164234.0,0.0,7753.0,8400.142857142857,88.0,99.0,0.0,0.0
2023-01-12,France,39640595.0,164287.0,0.0,7178.0,7758.142857142857,53.0,86.14285714285714,0.0,0.0
2023-01-13,France,39646833.0,164388.0,0.0,6238.0,7166.0,101.0,99.57142857142857,0.0,0.0
2023-01-14,France,39646833.0,164388.0,0.0,0.0,7166.0,0.0,99.57142857142857,0.0,0.0
2023-01-15,France,39646833.0,164388.0,0.0,0.0,7166.0,0.0,99.57142857142857,0.0,0.0
2023-01-16,France,39657663.0,164504.0,0.0,10830.0,6253.142857142857,116.0,67.57142857142857,0.0,0.0
2023-01-17,France,39666044.0,164603.0,0.0,8381.0,5768.571428571428,99.0,65.28571428571429,0.0,0.0
2023-01-18,France,39671999.0,164685.0,0.0,5955.0,5511.714285714285,82.0,64.42857142857143,0.0,0.0
2023-01-19,France,39677034.0,164749.0,0.0,5035.0,5205.571428571428,64.0,66.0,0.0,0.0
2023-01-20,France,39681509.0,164793.0,0.0,4475.0,4953.714285714285,44.0,57.857142857142854,0.0,0.0
2023-01-21,France,39681509.0,164793.0,0.0,0.0,4953.714285714285,0.0,57.857142857142854,0.0,0.0
2023-01-22,France,39681509.0,164793.0,0.0,0.0,4953.714285714285,0.0,57.857142857142854,0.0,0.0
2023-01-23,France,39690337.0,164990.0,0.0,8828.0,4667.714285714285,197.0,69.42857142857143,0.0,0.0
2023-01-24,France,39697613.0,165049.0,0.0,7276.0,4509.857142857143,59.0,63.714285714285715,0.0,0.0
2023-01-25,France,39702995.0,165027.0,0.0,5382.0,4428.0,-22.0,48.857142857142854,0.0,0.0
2023-01-26,France,39708282.0,165077.0,0.0,5287.0,4464.0,50.0,46.857142857142854,0.0,0.0
2023-01-27,France,39712963.0,165121.0,0.0,4681.0,4493.428571428572,44.0,46.857142857142854,0.0,0.0
2023-01-28,France,39713004.0,165121.0,0.0,41.0,4499.285714285715,0.0,46.857142857142854,0.0,0.0
2023-01-29,France,39713004.0,165121.0,0.0,0.0,4499.285714285715,0.0,46.857142857142854,0.0,0.0
2023-01-30,France,39722301.0,165217.0,0.0,9297.0,4566.285714285715,96.0,32.42857142857143,0.0,0.0
2023-01-31,France,39729161.0,165274.0,0.0,6860.0,4506.857142857143,57.0,32.142857142857146,0.0,0.0
2023-02-01,France,39733692.0,165327.0,0.0,4531.0,4385.285714285715,53.0,42.857142857142854,0.0,0.0
2023-02-02,France,39737713.0,165379.0,0.0,4021.0,4204.428571428572,52.0,43.142857142857146,0.0,0.0
2023-02-03,France,39741331.0,165407.0,0.0,3618.0,4052.5714285714284,28.0,40.857142857142854,0.0,0.0
2023-02-04,France,39741331.0,165407.0,0.0,0.0,4046.714285714286,0.0,40.857142857142854,0.0,0.0
2023-02-05,France,39741331.0,165407.0,0.0,0.0,4046.714285714286,0.0,40.857142857142854,0.0,0.0
2023-02-06,France,39747993.0,165468.0,0.0,6662.0,3670.285714285714,61.0,35.857142857142854,0.0,0.0
2023-02-07,France,39753017.0,165510.0,0.0,5024.0,3408.0,42.0,33.714285714285715,0.0,0.0
2023-02-08,France,39757008.0,165541.0,0.0,3991.0,3330.8571428571427,31.0,30.571428571428573,0.0,0.0
2023-02-09,France,39760676.0,165558.0,0.0,3668.0,3280.4285714285716,17.0,25.571428571428573,0.0,0.0
2023-02-10,France,39764042.0,165578.0,0.0,3366.0,3244.4285714285716,20.0,24.428571428571427,0.0,0.0
2023-02-11,France,39764042.0,165578.0,0.0,0.0,3244.4285714285716,0.0,24.428571428571427,0.0,0.0
2023-02-12,France,39764042.0,165578.0,0.0,0.0,3244.4285714285716,0.0,24.428571428571427,0.0,0.0
2023-02-13,France,39770404.0,165628.0,0.0,6362.0,3201.5714285714284,50.0,22.857142857142858,0.0,0.0
2023-02-14,France,39775390.0,165663.0,0.0,4986.0,3196.1428571428573,35.0,21.857142857142858,0.0,0.0
2023-02-15,France,39779373.0,165698.0,0.0,3983.0,3195.0,35.0,22.428571428571427,0.0,0.0
2023-02-16,France,39783394.0,165725.0,0.0,4021.0,3245.4285714285716,27.0,23.857142857142858,0.0,0.0
2023-02-17,France,39786983.0,165753.0,0.0,3589.0,3277.285714285714,28.0,25.0,0.0,0.0
2023-02-18,France,39786983.0,165753.0,0.0,0.0,3277.285714285714,0.0,25.0,0.0,0.0
2023-02-19,France,39786983.0,165753.0,0.0,0.0,3277.285714285714,0.0,25.0,0.0,0.0
2023-02-20,France,39795116.0,165800.0,0.0,8133.0,3530.285714285714,47.0,24.571428571428573,0.0,0.0
2023-02-21,France,39800890.0,165832.0,0.0,5774.0,3642.8571428571427,32.0,24.142857142857142,0.0,0.0
2023-02-22,France,39805492.0,165870.0,0.0,4602.0,3731.285714285714,38.0,24.571428571428573,0.0,0.0
2023-02-23,France,39809981.0,165889.0,0.0,4489.0,3798.1428571428573,19.0,23.428571428571427,0.0,0.0
2023-02-24,France,39813898.0,165918.0,0.0,3917.0,3845.0,29.0,23.571428571428573,0.0,0.0
2023-02-25,France,39813898.0,165918.0,0.0,0.0,3845.0,0.0,23.571428571428573,0.0,0.0
2023-02-26,France,39813898.0,165918.0,0.0,0.0,3845.0,0.0,23.571428571428573,0.0,0.0
2023-02-27,France,39821524.0,165970.0,0.0,7626.0,3772.5714285714284,52.0,24.285714285714285,0.0,0.0
2023-02-28,France,39827175.0,166004.0,0.0,5651.0,3755.0,34.0,24.571428571428573,0.0,0.0
2023-03-01,France,39831700.0,166029.0,0.0,4525.0,3744.0,25.0,22.714285714285715,0.0,0.0
2023-03-02,France,39835896.0,166050.0,0.0,4196.0,3702.1428571428573,21.0,23.0,0.0,0.0
2023-03-03,France,39839090.0,166071.0,0.0,3194.0,3598.8571428571427,21.0,21.857142857142858,0.0,0.0
2023-03-04,France,39839090.0,166071.0,0.0,0.0,3598.8571428571427,0.0,21.857142857142858,0.0,0.0
2023-03-05,France,39839090.0,166071.0,0.0,0.0,3598.8571428571427,0.0,21.857142857142858,0.0,0.0
2023-03-06,France,39847236.0,166114.0,0.0,8146.0,3673.1428571428573,43.0,20.571428571428573,0.0,0.0
2023-03-07,France,39854299.0,166138.0,0.0,7063.0,3874.8571428571427,24.0,19.142857142857142,0.0,0.0
2023-03-08,France,39860410.0,166165.0,0.0,6111.0,4101.428571428572,27.0,19.428571428571427,0.0,0.0
2023-03-09,France,39866718.0,166176.0,0.0,6308.0,4403.142857142857,11.0,18.0,0.0,0.0
2022-03-10,India,42984261.0,515714.0,0.0,,,,,,
2022-03-11,India,42987875.0,515803.0,0.0,3614.0,3614.0,89.0,89.0,0.0,0.0
2022-03-12,India,42990991.0,515850.0,0.0,3116.0,3365.0,47.0,68.0,0.0,0.0
2022-03-13,India,42993494.0,515877.0,0.0,2503.0,3077.6666666666665,27.0,54.333333333333336,0.0,0.0
2022-03-14,India,42996062.0,515974.0,0.0,2568.0,2950.25,97.0,65.0,0.0,0.0
2022-03-15,India,42998938.0,516072.0,0.0,2876.0,2935.4,98.0,71.6,0.0,0.0
2022-03-16,India,43001477.0,516132.0,0.0,2539.0,2869.3333333333335,60.0,69.66666666666667,0.0,0.0
2022-03-17,India,43004005.0,516281.0,0.0,2528.0,2820.5714285714284,149.0,81.0,0.0,0.0
2022-03-18,India,43006080.0,516352.0,0.0,2075.0,2600.714285714286,71.0,78.42857142857143,0.0,0.0
2022-03-19,India,43007841.0,516479.0,0.0,1761.0,2407.1428571428573,127.0,89.85714285714286,0.0,0.0
2022-03-20,India,43009390.0,516510.0,0.0,1549.0,2270.8571428571427,31.0,90.42857142857143,0.0,0.0
2022-03-21,India,43010971.0,516543.0,0.0,1581.0,2129.8571428571427,33.0,81.28571428571429,0.0,0.0
2022-03-22,India,43012749.0,516605.0,0.0,1778.0,1973.0,62.0,76.14285714285714,0.0,0.0
2022-03-23,India,43014687.0,516672.0,0.0,1938.0,1887.142857142857,67.0,77.14285714285714,0.0,0.0
2022-03-24,India,43016372.0,516755.0,0.0,1685.0,1766.7142857142858,83.0,67.71428571428571,0.0,0.0
2022-03-25,India,43018032.0,520855.0,0.0,1660.0,1707.4285714285713,4100.0,643.2857142857143,0.0,0.0
2022-03-26,India,43019453.0,521004.0,0.0,1421.0,1658.857142857143,149.0,646.4285714285714,0.0,0.0
2022-03-27,India,43020723.0,521035.0,0.0,1270.0,1619.0,31.0,646.4285714285714,0.0,0.0
2022-03-28,India,43021982.0,521070.0,0.0,1259.0,1573.0,35.0,646.7142857142857,0.0,0.0
2022-03-29,India,43023215.0,521101.0,0.0,1233.0,1495.142857142857,31.0,642.2857142857143,0.0,0.0
2022-03-30,India,43024440.0,521129.0,0.0,1225.0,1393.2857142857142,28.0,636.7142857142857,0.0,0.0
2022-03-31,India,43025775.0,521181.0,0.0,1335.0,1343.2857142857142,52.0,632.2857142857143,0.0,0.0
2022-04-01,India,43027035.0,521264.0,0.0,1260.0,1286.142857142857,83.0,58.42857142857143,0.0,0.0
2022-04-02,India,43028131.0,521345.0,0.0,1096.0,1239.7142857142858,81.0,48.714285714285715,0.0,0.0
2022-04-03,India,43029044.0,521358.0,0.0,913.0,1188.7142857142858,13.0,46.142857142857146,0.0,0.0
2022-04-04,India,43029839.0,521416.0,0.0,795.0,1122.4285714285713,58.0,49.42857142857143,0.0,0.0
2022-04-05,India,43030925.0,521487.0,0.0,1086.0,1101.4285714285713,71.0,55.142857142857146,0.0,0.0
2022-04-06,India,43031958.0,521530.0,0.0,1033.0,1074.0,43.0,57.285714285714285,0.0,0.0
2022-04-07,India,43033067.0,521573.0,0.0,1109.0,1041.7142857142858,43.0,56.0,0.0,0.0
2022-04-08,India,43034217.0,521656.0,0.0,1150.0,1026.0,83.0,56.0,0.0,0.0
2022-04-09,India,43035271.0,521685.0,0.0,1054.0,1020.0,29.0,48.57142857142857,0.0,0.0
2022-04-10,India,43036132.0,521691.0,0.0,861.0,1012.5714285714286,6.0,47.57142857142857,0.0,0.0
2022-04-11,India,43036928.0,521710.0,0.0,796.0,1012.7142857142857,19.0,42.0,0.0,0.0
2022-04-12,India,43038016.0,521736.0,0.0,1088.0,1013.0,26.0,35.57142857142857,0.0,0.0
2022-04-13,India,43039023.0,521737.0,0.0,1007.0,1009.2857142857143,1.0,29.571428571428573,0.0,0.0
2022-04-14,India,43039972.0,521743.0,0.0,949.0,986.4285714285714,6.0,24.285714285714285,0.0,0.0
2022-04-15,India,43040947.0,521747.0,0.0,975.0,961.4285714285714,4.0,13.0,0.0,0.0
2022-04-16,India,43042097.0,521751.0,0.0,1150.0,975.1428571428571,4.0,9.428571428571429,0.0,0.0
2022-04-17,India,43044280.0,521965.0,0.0,2183.0,1164.0,214.0,39.142857142857146,0.0,0.0
2022-04-18,India,43045527.0,521966.0,0.0,1247.0,1228.4285714285713,1.0,36.57142857142857,0.0,0.0
2022-04-19,India,43047594.0,522006.0,0.0,2067.0,1368.2857142857142,40.0,38.57142857142857,0.0,0.0
2022-04-20,India,43049974.0,522062.0,0.0,2380.0,1564.4285714285713,56.0,46.42857142857143,0.0,0.0
2022-04-21,India,43052425.0,522116.0,0.0,2451.0,1779.0,54.0,53.285714285714285,0.0,0.0
2022-04-22,India,43054952.0,522149.0,0.0,2527.0,2000.7142857142858,33.0,57.42857142857143,0.0,0.0
2022-04-23,India,43057545.0,522193.0,0.0,2593.0,2206.8571428571427,44.0,63.142857142857146,0.0,0.0
2022-04-24,India,43060086.0,522223.0,0.0,2541.0,2258.0,30.0,36.857142857142854,0.0,0.0
2022-04-25,India,43060097.0,522223.0,0.0,11.0,2081.4285714285716,0.0,36.714285714285715,0.0,0.0
2022-04-26,India,43065496.0,523654.0,0.0,5399.0,2557.4285714285716,1431.0,235.42857142857142,0.0,0.0
2022-04-27,India,43068799.0,523693.0,0.0,3303.0,2689.285714285714,39.0,233.0,0.0,0.0
2022-04-28,India,43072176.0,523753.0,0.0,3377.0,2821.5714285714284,60.0,233.85714285714286,0.0,0.0
2022-04-29,India,43075864.0,523803.0,0.0,3688.0,2987.4285714285716,50.0,236.28571428571428,0.0,0.0
2022-04-30,India,43079188.0,523843.0,0.0,3324.0,3091.8571428571427,40.0,235.71428571428572,0.0,0.0
2022-05-01,India,43082345.0,523869.0,0.0,3157.0,3179.8571428571427,26.0,235.14285714285714,0.0,0.0
2022-05-02,India,43084913.0,523889.0,0.0,2568.0,3545.1428571428573,20.0,238.0,0.0,0.0
2022-05-03,India,43088118.0,523920.0,0.0,3205.0,3231.714285714286,31.0,38.0,0.0,0.0
2022-05-04,India,43091393.0,523975.0,0.0,3275.0,3227.714285714286,55.0,40.285714285714285,0.0,0.0
2022-05-05,India,43094938.0,524002.0,0.0,3545.0,3251.714285714286,27.0,35.57142857142857,0.0,0.0
2022-05-06,India,43098743.0,524024.0,0.0,3805.0,3268.4285714285716,22.0,31.571428571428573,0.0,0.0
2022-05-07,India,43102194.0,524064.0,0.0,3451.0,3286.5714285714284,40.0,31.571428571428573,0.0,0.0
2022-05-08,India,43105401.0,524093.0,0.0,3207.0,3293.714285714286,29.0,32.0,0.0,0.0
2022-05-09,India,43107689.0,524103.0,0.0,2288.0,3253.714285714286,10.0,30.571428571428573,0.0,0.0
2022-05-10,India,43110586.0,524157.0,0.0,2897.0,3209.714285714286,54.0,33.857142857142854,0.0,0.0
2022-05-11,India,43113413.0,524181.0,0.0,2827.0,3145.714285714286,24.0,29.428571428571427,0.0,0.0
2022-05-12,India,43116254.0,524190.0,0.0,2841.0,3045.1428571428573,9.0,26.857142857142858,0.0,0.0
2022-05-13,India,43119112.0,524201.0,0.0,2858.0,2909.8571428571427,11.0,25.285714285714285,0.0,0.0
2022-05-14,India,43121599.0,524214.0,0.0,2487.0,2772.1428571428573,13.0,21.428571428571427,0.0,0.0
2022-05-15,India,43123801.0,524241.0,0.0,2202.0,2628.5714285714284,27.0,21.142857142857142,0.0,0.0
2022-05-16,India,43125370.0,524260.0,0.0,1569.0,2525.8571428571427,19.0,22.428571428571427,0.0,0.0
2022-05-17,India,43127199.0,524293.0,0.0,1829.0,2373.285714285714,33.0,19.428571428571427,0.0,0.0
2022-05-18,India,43129563.0,524303.0,0.0,2364.0,2307.1428571428573,10.0,17.428571428571427,0.0,0.0
2022-05-19,India,43131822.0,524323.0,0.0,2259.0,2224.0,20.0,19.0,0.0,0.0
2022-05-20,India,43134145.0,524348.0,0.0,2323.0,2147.5714285714284,25.0,21.0,0.0,0.0
2022-05-21,India,43136371.0,524413.0,0.0,2226.0,2110.285714285714,65.0,28.428571428571427,0.0,0.0
2022-05-22,India,43138393.0,524459.0,0.0,2022.0,2084.5714285714284,46.0,31.142857142857142,0.0,0.0
2022-05-23,India,43140068.0,524490.0,0.0,1675.0,2099.714285714286,31.0,32.857142857142854,0.0,0.0
2022-05-24,India,43142192.0,524507.0,0.0,2124.0,2141.8571428571427,17.0,30.571428571428573,0.0,0.0
2022-05-25,India,43144820.0,524525.0,0.0,2628.0,2179.5714285714284,18.0,31.714285714285715,0.0,0.0
2022-05-26,India,43147530.0,524539.0,0.0,2710.0,2244.0,14.0,30.857142857142858,0.0,0.0
2022-05-27,India,43150215.0,524572.0,0.0,2685.0,2295.714285714286,33.0,32.0,0.0,0.0
2022-05-28,India,43153043.0,524586.0,0.0,2828.0,2381.714285714286,14.0,24.714285714285715,0.0,0.0
2022-05-29,India,43155749.0,524611.0,0.0,2706.0,2479.4285714285716,25.0,21.714285714285715,0.0,0.0
2022-05-30,India,43158087.0,524630.0,0.0,2338.0,2574.1428571428573,19.0,20.0,0.0,0.0
2022-05-31,India,43160832.0,524636.0,0.0,2745.0,2662.8571428571427,6.0,18.428571428571427,0.0,0.0
2022-06-01,India,43164544.0,524641.0,0.0,3712.0,2817.714285714286,5.0,16.571428571428573,0.0,0.0
2022-06-02,India,43168585.0,524651.0,0.0,4041.0,3007.8571428571427,10.0,16.0,0.0,0.0
2022-06-03,India,43172547.0,524677.0,0.0,3962.0,3190.285714285714,26.0,15.0,0.0,0.0
2022-06-04,India,43176817.0,524692.0,0.0,4270.0,3396.285714285714,15.0,15.142857142857142,0.0,0.0
2022-06-05,India,43181335.0,524701.0,0.0,4518.0,3655.1428571428573,9.0,12.857142857142858,0.0,0.0
2022-06-06,India,43185049.0,524708.0,0.0,3714.0,3851.714285714286,7.0,11.142857142857142,0.0,0.0
2022-06-07,India,43190282.0,524715.0,0.0,5233.0,4207.142857142857,7.0,11.285714285714286,0.0,0.0
2022-06-08,India,43197522.0,524723.0,0.0,7240.0,4711.142857142857,8.0,11.714285714285714,0.0,0.0
2022-06-09,India,43205106.0,524747.0,0.0,7584.0,5217.285714285715,24.0,13.714285714285714,0.0,0.0
2022-06-10,India,43213435.0,524757.0,0.0,8329.0,5841.142857142857,10.0,11.428571428571429,0.0,0.0
2022-06-11,India,43222017.0,524761.0,0.0,8582.0,6457.142857142857,4.0,9.857142857142858,0.0,0.0
2022-06-12,India,43230101.0,524771.0,0.0,8084.0,6966.571428571428,10.0,10.0,0.0,0.0
2022-06-13,India,43236695.0,524777.0,0.0,6594.0,7378.0,6.0,9.857142857142858,0.0,0.0
2022-06-14,India,43245517.0,524792.0,0.0,8822.0,7890.714285714285,15.0,11.0,0.0,0.0
2022-06-15,India,43257730.0,524803.0,0.0,12213.0,8601.142857142857,11.0,11.428571428571429,0.0,0.0
2022-06-16,India,43270577.0,524817.0,0.0,12847.0,9353.0,14.0,10.0,0.0,0.0
2022-06-17,India,43283793.0,524840.0,0.0,13216.0,10051.142857142857,23.0,11.857142857142858,0.0,0.0
2022-06-18,India,43296692.0,524855.0,0.0,12899.0,10667.857142857143,15.0,13.428571428571429,0.0,0.0
2022-06-19,India,43309473.0,524873.0,0.0,12781.0,11338.857142857143,18.0,14.571428571428571,0.0,0.0
2022-06-20,India,43319396.0,524890.0,0.0,9923.0,11814.42857142857,17.0,16.142857142857142,0.0,0.0
2022-06-21,India,43331645.0,524903.0,0.0,12249.0,12304.0,13.0,15.857142857142858,0.0,0.0
2022-06-22,India,43344958.0,524941.0,0.0,13313.0,12461.142857142857,38.0,19.714285714285715,0.0,0.0
2022-06-23,India,43362294.0,524954.0,0.0,17336.0,13102.42857142857,13.0,19.571428571428573,0.0,0.0
2022-06-24,India,43378234.0,524974.0,0.0,15940.0,13491.57142857143,20.0,19.142857142857142,0.0,0.0
2022-06-25,India,43389973.0,524999.0,0.0,11739.0,13325.857142857143,25.0,20.571428571428573,0.0,0.0
2022-06-26,India,43407046.0,525020.0,0.0,17073.0,13939.0,21.0,21.0,0.0,0.0
2022-06-27,India,43418839.0,525047.0,0.0,11793.0,14206.142857142857,27.0,22.428571428571427,0.0,0.0
2022-06-28,India,43433345.0,525077.0,0.0,14506.0,14528.57142857143,30.0,24.857142857142858,0.0,0.0
2022-06-29,India,43452164.0,525116.0,0.0,18819.0,15315.142857142857,39.0,25.0,0.0,0.0
2022-06-30,India,43469234.0,525139.0,0.0,17070.0,15277.142857142857,23.0,26.428571428571427,0.0,0.0
2022-07-01,India,43486326.0,525168.0,0.0,17092.0,15441.714285714286,29.0,27.714285714285715,0.0,0.0
2022-07-02,India,43502429.0,525199.0,0.0,16103.0,16065.142857142857,31.0,28.571428571428573,0.0,0.0
2022-07-03,India,43518564.0,525223.0,0.0,16135.0,15931.142857142857,24.0,29.0,0.0,0.0
2022-07-04,India,43531650.0,525242.0,0.0,13086.0,16115.857142857143,19.0,27.857142857142858,0.0,0.0
2022-07-05,India,43547809.0,525270.0,0.0,16159.0,16352.0,28.0,27.571428571428573,0.0,0.0
2022-07-06,India,43566739.0,525305.0,0.0,18930.0,16367.857142857143,35.0,27.0,0.0,0.0
2022-07-07,India,43585554.0,525343.0,0.0,18815.0,16617.14285714286,38.0,29.142857142857142,0.0,0.0
2022-07-08,India,43604394.0,525386.0,0.0,18840.0,16866.85714285714,43.0,31.142857142857142,0.0,0.0
2022-07-09,India,43622651.0,525428.0,0.0,18257.0,17174.571428571428,42.0,32.714285714285715,0.0,0.0
2022-07-10,India,43639329.0,525454.0,0.0,16678.0,17252.14285714286,26.0,33.0,0.0,0.0
2022-07-11,India,43652944.0,525474.0,0.0,13615.0,17327.714285714286,20.0,33.142857142857146,0.0,0.0
2022-07-12,India,43669850.0,525519.0,0.0,16906.0,17434.428571428572,45.0,35.57142857142857,0.0,0.0
2022-07-13,India,43689989.0,525557.0,0.0,20139.0,17607.14285714286,38.0,36.0,0.0,0.0
2022-07-14,India,43710027.0,525604.0,0.0,20038.0,17781.85714285714,47.0,37.285714285714285,0.0,0.0
2022-07-15,India,43730071.0,525660.0,0.0,20044.0,17953.85714285714,56.0,39.142857142857146,0.0,0.0
2022-07-16,India,43750599.0,525709.0,0.0,20528.0,18278.285714285714,49.0,40.142857142857146,0.0,0.0
2022-07-17,India,43767534.0,525760.0,0.0,16935.0,18315.0,51.0,43.714285714285715,0.0,0.0
2022-07-18,India,43783062.0,525785.0,0.0,15528.0,18588.285714285714,25.0,44.42857142857143,0.0,0.0
2022-07-19,India,43801678.0,525821.0,0.0,18616.0,18832.571428571428,36.0,43.142857142857146,0.0,0.0
2022-07-20,India,43824728.0,525866.0,0.0,23050.0,19248.428571428572,45.0,44.142857142857146,0.0,0.0
2022-07-21,India,43847065.0,525930.0,0.0,22337.0,19576.85714285714,64.0,46.57142857142857,0.0,0.0
2022-07-22,India,43868476.0,525997.0,0.0,21411.0,19772.14285714286,67.0,48.142857142857146,0.0,0.0
2022-07-23,India,43888755.0,526033.0,0.0,20279.0,19736.571428571428,36.0,46.285714285714285,0.0,0.0
2022-07-24,India,43905621.0,526074.0,0.0,16866.0,19726.714285714286,41.0,44.857142857142854,0.0,0.0
2022-07-25,India,43920451.0,526110.0,0.0,14830.0,19627.0,36.0,46.42857142857143,0.0,0.0
2022-07-26,India,43938764.0,526167.0,0.0,18313.0,19583.714285714286,57.0,49.42857142857143,0.0,0.0
2022-07-27,India,43959321.0,526212.0,0.0,20557.0,19227.571428571428,45.0,49.42857142857143,0.0,0.0
2022-07-28,India,43979730.0,526258.0,0.0,20409.0,18952.14285714286,46.0,46.857142857142854,0.0,0.0
2022-07-29,India,44000138.0,526312.0,0.0,20408.0,18808.85714285714,54.0,45.0,0.0,0.0
2022-07-30,India,44019811.0,526357.0,0.0,19673.0,18722.285714285714,45.0,46.285714285714285,0.0,0.0
2022-07-31,India,44036275.0,526396.0,0.0,16464.0,18664.85714285714,39.0,46.0,0.0,0.0
2022-08-01,India,44050009.0,526430.0,0.0,13734.0,18508.285714285714,34.0,45.714285714285715,0.0,0.0
2022-08-02,India,44067144.0,526477.0,0.0,17135.0,18340.0,47.0,44.285714285714285,0.0,0.0
2022-08-03,India,44087037.0,526530.0,0.0,19893.0,18245.14285714286,53.0,45.42857142857143,0.0,0.0
2022-08-04,India,44107588.0,526600.0,0.0,20551.0,18265.428571428572,70.0,48.857142857142854,0.0,0.0
2022-08-05,India,44126994.0,526649.0,0.0,19406.0,18122.285714285714,49.0,48.142857142857146,0.0,0.0
2022-08-06,India,44145709.0,526689.0,0.0,18715.0,17985.428571428572,40.0,47.42857142857143,0.0,0.0
2022-08-07,India,44145709.0,526689.0,0.0,0.0,15633.42857142857,0.0,41.857142857142854,0.0,0.0
2022-08-08,India,44174650.0,526772.0,0.0,28941.0,17805.85714285714,83.0,48.857142857142854,0.0,0.0
2022-08-09,India,44190697.0,526826.0,0.0,16047.0,17650.428571428572,54.0,49.857142857142854,0.0,0.0
2022-08-10,India,44206996.0,526879.0,0.0,16299.0,17137.0,53.0,49.857142857142854,0.0,0.0
2022-08-11,India,44223557.0,526928.0,0.0,16561.0,16567.0,49.0,46.857142857142854,0.0,0.0
2022-08-12,India,44239372.0,526996.0,0.0,15815.0,16054.0,68.0,49.57142857142857,0.0,0.0
2022-08-13,India,44253464.0,527037.0,0.0,14092.0,15393.57142857143,41.0,49.714285714285715,0.0,0.0
2022-08-14,India,44268381.0,527069.0,0.0,14917.0,17524.571428571428,32.0,54.285714285714285,0.0,0.0
2022-08-15,India,44277711.0,527098.0,0.0,9330.0,14723.0,29.0,46.57142857142857,0.0,0.0
2022-08-16,India,44286256.0,527134.0,0.0,8545.0,13651.285714285714,36.0,44.0,0.0,0.0
2022-08-17,India,44298864.0,527206.0,0.0,12608.0,13124.0,72.0,46.714285714285715,0.0,0.0
2022-08-18,India,44314618.0,527253.0,0.0,15754.0,13008.714285714286,47.0,46.42857142857143,0.0,0.0
2022-08-19,India,44327890.0,527289.0,0.0,13272.0,12645.42857142857,36.0,41.857142857142854,0.0,0.0
2022-08-20,India,44339429.0,527332.0,0.0,11539.0,12280.714285714286,43.0,42.142857142857146,0.0,0.0
2022-08-21,India,44348960.0,527368.0,0.0,9531.0,11511.285714285714,36.0,42.714285714285715,0.0,0.0
2022-08-22,India,44357546.0,527416.0,0.0,8586.0,11405.0,48.0,45.42857142857143,0.0,0.0
2022-08-23,India,44368195.0,527452.0,0.0,10649.0,11705.57142857143,36.0,45.42857142857143,0.0,0.0
2022-08-24,India,44378920.0,527488.0,0.0,10725.0,11436.57142857143,36.0,40.285714285714285,0.0,0.0
2022-08-25,India,44389176.0,527556.0,0.0,10256.0,10651.142857142857,68.0,43.285714285714285,0.0,0.0
2022-08-26,India,44398696.0,527597.0,0.0,9520.0,10115.142857142857,41.0,44.0,0.0,0.0
2022-08-27,India,44408132.0,527754.0,0.0,9436.0,9814.714285714286,157.0,60.285714285714285,0.0,0.0
2022-08-28,India,44415723.0,527799.0,0.0,7591.0,9537.57142857143,45.0,61.57142857142857,0.0,0.0
2022-08-29,India,44415723.0,527799.0,0.0,0.0,8311.0,0.0,54.714285714285715,0.0,0.0
2022-08-30,India,44415723.0,527799.0,0.0,0.0,6789.714285714285,0.0,49.57142857142857,0.0,0.0
2022-08-31,India,44436339.0,527911.0,0.0,20616.0,8202.714285714286,112.0,60.42857142857143,0.0,0.0
2022-09-01,India,44442507.0,527932.0,0.0,6168.0,7618.714285714285,21.0,53.714285714285715,0.0,0.0
2022-09-02,India,44449726.0,527965.0,0.0,7219.0,7290.0,33.0,52.57142857142857,0.0,0.0
2022-09-03,India,44456535.0,527991.0,0.0,6809.0,6914.714285714285,26.0,33.857142857142854,0.0,0.0
2022-09-04,India,44462445.0,528007.0,0.0,5910.0,6674.571428571428,16.0,29.714285714285715,0.0,0.0
2022-09-05,India,44466862.0,528030.0,0.0,4417.0,7305.571428571428,23.0,33.0,0.0,0.0
2022-09-06,India,44469661.0,528057.0,0.0,2799.0,7705.428571428572,27.0,36.857142857142854,0.0,0.0
2022-09-07,India,44478636.0,528090.0,0.0,8975.0,6042.428571428572,33.0,25.571428571428573,0.0,0.0
2022-09-08,India,44484729.0,528121.0,0.0,6093.0,6031.714285714285,31.0,27.0,0.0,0.0
2022-09-09,India,44490283.0,528139.0,0.0,5554.0,5793.857142857143,18.0,24.857142857142858,0.0,0.0
2022-09-10,India,44495359.0,528150.0,0.0,5076.0,5546.285714285715,11.0,22.714285714285715,0.0,0.0
2022-09-11,India,44500580.0,528165.0,0.0,5221.0,5447.857142857143,15.0,22.571428571428573,0.0,0.0
2022-09-12,India,44502363.0,528185.0,0.0,1783.0,5071.571428571428,20.0,22.142857142857142,0.0,0.0
2022-09-13,India,44510057.0,528216.0,0.0,7694.0,5770.857142857143,31.0,22.714285714285715,0.0,0.0
2022-09-14,India,44516479.0,528250.0,0.0,6422.0,5406.142857142857,34.0,22.857142857142858,0.0,0.0
2022-09-15,India,44522777.0,528273.0,0.0,6298.0,5435.428571428572,23.0,21.714285714285715,0.0,0.0
2022-09-16,India,44528524.0,528302.0,0.0,5747.0,5463.0,29.0,23.285714285714285,0.0,0.0
2022-09-17,India,44534188.0,528337.0,0.0,5664.0,5547.0,35.0,26.714285714285715,0.0,0.0
2022-09-18,India,44539046.0,528355.0,0.0,4858.0,5495.142857142857,18.0,27.142857142857142,0.0,0.0
2022-09-19,India,44543089.0,528370.0,0.0,4043.0,5818.0,15.0,26.428571428571427,0.0,0.0
2022-09-20,India,44545011.0,528403.0,0.0,1922.0,4993.428571428572,33.0,26.714285714285715,0.0,0.0
2022-09-21,India,44553042.0,528429.0,0.0,8031.0,5223.285714285715,26.0,25.571428571428573,0.0,0.0
2022-09-22,India,44558425.0,528449.0,0.0,5383.0,5092.571428571428,20.0,25.142857142857142,0.0,0.0
2022-09-23,India,44563337.0,528487.0,0.0,4912.0,4973.285714285715,38.0,26.428571428571427,0.0,0.0
2022-09-24,India,44568114.0,528510.0,0.0,4777.0,4846.571428571428,23.0,24.714285714285715,0.0,0.0
2022-09-25,India,44572243.0,528530.0,0.0,4129.0,4742.428571428572,20.0,25.0,0.0,0.0
2022-09-26,India,44575473.0,528562.0,0.0,3230.0,4626.285714285715,32.0,27.428571428571427,0.0,0.0
2022-09-27,India,44579088.0,528584.0,0.0,3615.0,4868.142857142857,22.0,25.857142857142858,0.0,0.0
2022-09-28,India,44583360.0,528611.0,0.0,4272.0,4331.142857142857,27.0,26.0,0.0,0.0
2022-09-29,India,44587307.0,528629.0,0.0,3947.0,4126.0,18.0,25.714285714285715,0.0,0.0
2022-09-30,India,44591112.0,528655.0,0.0,3805.0,3967.8571428571427,26.0,24.0,0.0,0.0
2022-10-01,India,44594487.0,528673.0,0.0,3375.0,3767.5714285714284,18.0,23.285714285714285,0.0,0.0
2022-10-02,India,44597498.0,528701.0,0.0,3011.0,3607.8571428571427,28.0,24.428571428571427,0.0,0.0
2022-10-03,India,44599466.0,528716.0,0.0,1968.0,3427.5714285714284,15.0,22.0,0.0,0.0
2022-10-04,India,44601892.0,528733.0,0.0,2426.0,3257.714285714286,17.0,21.285714285714285,0.0,0.0
2022-10-05,India,44604463.0,528745.0,0.0,2571.0,3014.714285714286,12.0,19.142857142857142,0.0,0.0
2022-10-06,India,44606460.0,528754.0,0.0,1997.0,2736.1428571428573,9.0,17.857142857142858,0.0,0.0
2022-10-07,India,44609257.0,528778.0,0.0,2797.0,2592.1428571428573,24.0,17.571428571428573,0.0,0.0
2022-10-08,India,44612013.0,528799.0,0.0,2756.0,2503.714285714286,21.0,18.0,0.0,0.0
2022-10-09,India,44614437.0,528814.0,0.0,2424.0,2419.8571428571427,15.0,16.142857142857142,0.0,0.0
2022-10-10,India,44616394.0,528822.0,0.0,1957.0,2418.285714285714,8.0,15.142857142857142,0.0,0.0
2022-10-11,India,44616235.0,528835.0,0.0,-159.0,2049.0,13.0,14.571428571428571,0.0,0.0
2022-10-12,India,44621319.0,528847.0,0.0,5084.0,2408.0,12.0,14.571428571428571,0.0,0.0
2022-10-13,India,44623997.0,528857.0,0.0,2678.0,2505.285714285714,10.0,14.714285714285714,0.0,0.0
2022-10-14,India,44626427.0,528874.0,0.0,2430.0,2452.8571428571427,17.0,13.714285714285714,0.0,0.0
2022-10-15,India,44628828.0,528895.0,0.0,2401.0,2402.1428571428573,21.0,13.714285714285714,0.0,0.0
2022-10-16,India,44630888.0,528905.0,0.0,2060.0,2350.1428571428573,10.0,13.0,0.0,0.0
2022-10-17,India,44632430.0,528913.0,0.0,1542.0,2290.8571428571427,8.0,13.0,0.0,0.0
2022-10-18,India,44634376.0,528923.0,0.0,1946.0,2591.5714285714284,10.0,12.571428571428571,0.0,0.0
2022-10-19,India,44636517.0,528943.0,0.0,2141.0,2171.1428571428573,20.0,13.714285714285714,0.0,0.0
2022-10-20,India,44638636.0,528953.0,0.0,2119.0,2091.285714285714,10.0,13.714285714285714,0.0,0.0
2022-10-21,India,44640748.0,528957.0,0.0,2112.0,2045.857142857143,4.0,11.857142857142858,0.0,0.0
2022-10-22,India,44642742.0,528961.0,0.0,1994.0,1987.7142857142858,4.0,9.428571428571429,0.0,0.0
2022-10-23,India,44644076.0,528977.0,0.0,1334.0,1884.0,16.0,10.285714285714286,0.0,0.0
2022-10-24,India,44644938.0,528980.0,0.0,862.0,1786.857142857143,3.0,9.571428571428571,0.0,0.0
2022-10-25,India,44645768.0,528981.0,0.0,830.0,1627.4285714285713,1.0,8.285714285714286,0.0,0.0
2022-10-26,India,44646880.0,528987.0,0.0,1112.0,1480.4285714285713,6.0,6.285714285714286,0.0,0.0
2022-10-27,India,44649088.0,528999.0,0.0,2208.0,1493.142857142857,12.0,6.571428571428571,0.0,0.0
2022-10-28,India,44650662.0,529008.0,0.0,1574.0,1416.2857142857142,9.0,7.285714285714286,0.0,0.0
2022-10-29,India,44652256.0,529016.0,0.0,1594.0,1359.142857142857,8.0,7.857142857142857,0.0,0.0
2022-10-30,India,44653592.0,529024.0,0.0,1336.0,1359.4285714285713,8.0,6.714285714285714,0.0,0.0
2022-10-31,India,44654638.0,529077.0,0.0,1046.0,1385.7142857142858,53.0,13.857142857142858,0.0,0.0
2022-11-01,India,44655828.0,530452.0,0.0,1190.0,1437.142857142857,1375.0,210.14285714285714,0.0,0.0
2022-11-02,India,44655926.0,530461.0,0.0,98.0,1292.2857142857142,9.0,210.57142857142858,0.0,0.0
2022-11-03,India,44658365.0,530479.0,0.0,2439.0,1325.2857142857142,18.0,211.42857142857142,0.0,0.0
2022-11-04,India,44659447.0,530486.0,0.0,1082.0,1255.0,7.0,211.14285714285714,0.0,0.0
2022-11-05,India,44660579.0,530500.0,0.0,1132.0,1189.0,14.0,212.0,0.0,0.0
2022-11-06,India,44661504.0,530509.0,0.0,925.0,1130.2857142857142,9.0,212.14285714285714,0.0,0.0
2022-11-07,India,44660293.0,530509.0,0.0,-1211.0,807.8571428571429,0.0,204.57142857142858,0.0,0.0
2022-11-08,India,44660293.0,530509.0,0.0,0.0,637.8571428571429,0.0,8.142857142857142,0.0,0.0
2022-11-09,India,44660293.0,530509.0,0.0,0.0,623.8571428571429,0.0,6.857142857142857,0.0,0.0
2022-11-10,India,44664810.0,530520.0,0.0,4517.0,920.7142857142857,11.0,5.857142857142857,0.0,0.0
2022-11-11,India,44665643.0,530528.0,0.0,833.0,885.1428571428571,8.0,6.0,0.0,0.0
2022-11-12,India,44666372.0,530531.0,0.0,729.0,827.5714285714286,3.0,4.428571428571429,0.0,0.0
2022-11-13,India,44666924.0,530532.0,0.0,552.0,774.2857142857143,1.0,3.2857142857142856,0.0,0.0
2022-11-14,India,44667390.0,530533.0,0.0,466.0,1013.8571428571429,1.0,3.4285714285714284,0.0,0.0
2022-11-15,India,44667900.0,530535.0,0.0,510.0,1086.7142857142858,2.0,3.7142857142857144,0.0,0.0
2022-11-16,India,44668535.0,530546.0,0.0,635.0,1177.4285714285713,11.0,5.285714285714286,0.0,0.0
2022-11-17,India,44667967.0,530553.0,0.0,-568.0,451.0,7.0,4.714285714285714,0.0,0.0
2022-11-18,India,44669748.0,530570.0,0.0,1781.0,586.4285714285714,17.0,6.0,0.0,0.0
2022-11-19,India,44670240.0,530574.0,0.0,492.0,552.5714285714286,4.0,6.142857142857143,0.0,0.0
2022-11-20,India,44670646.0,530586.0,0.0,406.0,531.7142857142857,12.0,7.714285714285714,0.0,0.0
2022-11-21,India,44670940.0,530591.0,0.0,294.0,507.14285714285717,5.0,8.285714285714286,0.0,0.0
2022-11-22,India,44671300.0,530596.0,0.0,360.0,485.7142857142857,5.0,8.714285714285714,0.0,0.0
2022-11-23,India,44671708.0,530601.0,0.0,408.0,453.2857142857143,5.0,7.857142857142857,0.0,0.0
2022-11-24,India,44672048.0,530604.0,0.0,340.0,583.0,3.0,7.285714285714286,0.0,0.0
2022-11-25,India,44672442.0,530608.0,0.0,394.0,384.85714285714283,4.0,5.428571428571429,0.0,0.0
2022-11-26,India,44672787.0,530612.0,0.0,345.0,363.85714285714283,4.0,5.428571428571429,0.0,0.0
2022-11-27,India,44673078.0,530614.0,0.0,291.0,347.42857142857144,2.0,4.0,0.0,0.0
2022-11-28,India,44673293.0,530615.0,0.0,215.0,336.14285714285717,1.0,3.4285714285714284,0.0,0.0
2022-11-29,India,44673567.0,530620.0,0.0,274.0,323.85714285714283,5.0,3.4285714285714284,0.0,0.0
2022-11-30,India,44673863.0,530622.0,0.0,296.0,307.85714285714283,2.0,3.0,0.0,0.0
2022-12-01,India,44674138.0,530624.0,0.0,275.0,298.57142857142856,2.0,2.857142857142857,0.0,0.0
2022-12-02,India,44674390.0,530627.0,0.0,252.0,278.2857142857143,3.0,2.7142857142857144,0.0,0.0
2022-12-03,India,44674616.0,530628.0,0.0,226.0,261.2857142857143,1.0,2.2857142857142856,0.0,0.0
2022-12-04,India,44674842.0,530630.0,0.0,226.0,252.0,2.0,2.2857142857142856,0.0,0.0
2022-12-05,India,44675006.0,530633.0,0.0,164.0,244.71428571428572,3.0,2.5714285714285716,0.0,0.0
2022-12-06,India,44675172.0,530638.0,0.0,166.0,229.28571428571428,5.0,2.5714285714285716,0.0,0.0
2022-12-07,India,44675413.0,530647.0,0.0,241.0,221.42857142857142,9.0,3.5714285714285716,0.0,0.0
2022-12-08,India,44675662.0,530653.0,0.0,249.0,217.71428571428572,6.0,4.142857142857143,0.0,0.0
2022-12-09,India,44675872.0,530654.0,0.0,210.0,211.71428571428572,1.0,3.857142857142857,0.0,0.0
2022-12-10,India,44676045.0,530658.0,0.0,173.0,204.14285714285714,4.0,4.285714285714286,0.0,0.0
2022-12-11,India,44676045.0,530658.0,0.0,0.0,171.85714285714286,0.0,4.0,0.0,0.0
2022-12-12,India,44676318.0,530658.0,0.0,273.0,187.42857142857142,0.0,3.5714285714285716,0.0,0.0
2022-12-13,India,44676470.0,530658.0,0.0,152.0,185.42857142857142,0.0,2.857142857142857,0.0,0.0
2022-12-14,India,44676670.0,530663.0,0.0,200.0,179.57142857142858,5.0,2.2857142857142856,0.0,0.0
2022-12-15,India,44676832.0,530663.0,0.0,162.0,167.14285714285714,0.0,1.4285714285714286,0.0,0.0
2022-12-16,India,44676999.0,530667.0,0.0,167.0,161.0,4.0,1.8571428571428572,0.0,0.0
2022-12-17,India,44677175.0,530672.0,0.0,176.0,161.42857142857142,5.0,2.0,0.0,0.0
2022-12-18,India,44677310.0,530674.0,0.0,135.0,180.71428571428572,2.0,2.2857142857142856,0.0,0.0
2022-12-19,India,44677422.0,530677.0,0.0,112.0,157.71428571428572,3.0,2.7142857142857144,0.0,0.0
2022-12-20,India,44677554.0,530680.0,0.0,132.0,154.85714285714286,3.0,3.142857142857143,0.0,0.0
2022-12-21,India,44677739.0,530681.0,0.0,185.0,152.71428571428572,1.0,2.5714285714285716,0.0,0.0
2022-12-22,India,44677902.0,530690.0,0.0,163.0,152.85714285714286,9.0,3.857142857142857,0.0,0.0
2022-12-23,India,44678103.0,530691.0,0.0,201.0,157.71428571428572,1.0,3.4285714285714284,0.0,0.0
2022-12-24,India,44678330.0,530693.0,0.0,227.0,165.0,2.0,3.0,0.0,0.0
2022-12-25,India,44678517.0,530695.0,0.0,187.0,172.42857142857142,2.0,3.0,0.0,0.0
2022-12-26,India,44678683.0,530696.0,0.0,166.0,180.14285714285714,1.0,2.7142857142857144,0.0,0.0
2022-12-27,India,44678871.0,530696.0,0.0,188.0,188.14285714285714,0.0,2.2857142857142856,0.0,0.0
2022-12-28,India,44679139.0,530698.0,0.0,268.0,200.0,2.0,2.4285714285714284,0.0,0.0
2022-12-29,India,44679382.0,530699.0,0.0,243.0,211.42857142857142,1.0,1.2857142857142858,0.0,0.0
2022-12-30,India,44679608.0,530702.0,0.0,226.0,215.0,3.0,1.5714285714285714,0.0,0.0
2022-12-31,India,44679873.0,530705.0,0.0,265.0,220.42857142857142,3.0,1.7142857142857142,0.0,0.0
2023-01-01,India,44680046.0,530707.0,0.0,173.0,218.42857142857142,2.0,1.7142857142857142,0.0,0.0
2023-01-02,India,44680180.0,530707.0,0.0,134.0,213.85714285714286,0.0,1.5714285714285714,0.0,0.0
2023-01-03,India,44680355.0,530707.0,0.0,175.0,212.0,0.0,1.5714285714285714,0.0,0.0
2023-01-04,India,44680543.0,530710.0,0.0,188.0,200.57142857142858,3.0,1.7142857142857142,0.0,0.0
2023-01-05,India,44680771.0,530714.0,0.0,228.0,198.42857142857142,4.0,2.142857142857143,0.0,0.0
2023-01-06,India,44680985.0,530718.0,0.0,214.0,196.71428571428572,4.0,2.2857142857142856,0.0,0.0
2023-01-07,India,44681148.0,530720.0,0.0,163.0,182.14285714285714,2.0,2.142857142857143,0.0,0.0
2023-01-08,India,44681318.0,530721.0,0.0,170.0,181.71428571428572,1.0,2.0,0.0,0.0
2023-01-09,India,44681439.0,530722.0,0.0,121.0,179.85714285714286,1.0,2.142857142857143,0.0,0.0
2023-01-10,India,44681610.0,530722.0,0.0,171.0,179.28571428571428,0.0,2.142857142857143,0.0,0.0
2023-01-11,India,44681807.0,530723.0,0.0,197.0,180.57142857142858,1.0,1.8571428571428572,0.0,0.0
2023-01-12,India,44681981.0,530725.0,0.0,174.0,172.85714285714286,2.0,1.5714285714285714,0.0,0.0
2023-01-13,India,44682160.0,530726.0,0.0,179.0,167.85714285714286,1.0,1.1428571428571428,0.0,0.0
2023-01-14,India,44682264.0,530726.0,0.0,104.0,159.42857142857142,0.0,0.8571428571428571,0.0,0.0
2023-01-15,India,44682378.0,530726.0,0.0,114.0,151.42857142857142,0.0,0.7142857142857143,0.0,0.0
2023-01-16,India,44682467.0,530726.0,0.0,89.0,146.85714285714286,0.0,0.5714285714285714,0.0,0.0
2023-01-17,India,44682595.0,530728.0,0.0,128.0,140.71428571428572,2.0,0.8571428571428571,0.0,0.0
2023-01-18,India,44682729.0,530728.0,0.0,134.0,131.71428571428572,0.0,0.7142857142857143,0.0,0.0
2023-01-19,India,44682874.0,530728.0,0.0,145.0,127.57142857142857,0.0,0.42857142857142855,0.0,0.0
2023-01-20,India,44683005.0,530730.0,0.0,131.0,120.71428571428571,2.0,0.5714285714285714,0.0,0.0
2023-01-21,India,44683145.0,530733.0,0.0,140.0,125.85714285714286,3.0,1.0,0.0,0.0
2023-01-22,India,44683239.0,530735.0,0.0,94.0,123.0,2.0,1.2857142857142858,0.0,0.0
2023-01-23,India,44683328.0,530737.0,0.0,89.0,123.0,2.0,1.5714285714285714,0.0,0.0
2023-01-24,India,44683430.0,530737.0,0.0,102.0,119.28571428571429,0.0,1.2857142857142858,0.0,0.0
2023-01-25,India,44683562.0,530738.0,0.0,132.0,119.0,1.0,1.4285714285714286,0.0,0.0
2023-01-26,India,44683661.0,530739.0,0.0,99.0,112.42857142857143,1.0,1.5714285714285714,0.0,0.0
2023-01-27,India,44683754.0,530739.0,0.0,93.0,107.0,0.0,1.2857142857142858,0.0,0.0
2023-01-28,India,44683863.0,530740.0,0.0,109.0,102.57142857142857,1.0,1.0,0.0,0.0
2023-01-29,India,44683943.0,530740.0,0.0,80.0,100.57142857142857,0.0,0.7142857142857143,0.0,0.0
2023-01-30,India,44684009.0,530740.0,0.0,66.0,97.28571428571429,0.0,0.42857142857142855,0.0,0.0
2023-01-31,India,44684120.0,530740.0,0.0,111.0,98.57142857142857,0.0,0.42857142857142855,0.0,0.0
2023-02-01,India,44684248.0,530741.0,0.0,128.0,98.0,1.0,0.42857142857142855,0.0,0.0
2023-02-02,India,44684347.0,530741.0,0.0,99.0,98.0,0.0,0.2857142857142857,0.0,0.0
2023-02-03,India,44684475.0,530745.0,0.0,128.0,103.0,4.0,0.8571428571428571,0.0,0.0
2023-02-04,India,44684588.0,530745.0,0.0,113.0,103.57142857142857,0.0,0.7142857142857143,0.0,0.0
2023-02-05,India,44684679.0,530745.0,0.0,91.0,105.14285714285714,0.0,0.7142857142857143,0.0,0.0
2023-02-06,India,44684768.0,530745.0,0.0,89.0,108.42857142857143,0.0,0.7142857142857143,0.0,0.0
2023-02-07,India,44684864.0,530746.0,0.0,96.0,106.28571428571429,1.0,0.8571428571428571,0.0,0.0
2023-02-08,India,44684973.0,530748.0,0.0,109.0,103.57142857142857,2.0,1.0,0.0,0.0
2023-02-09,India,44685087.0,530750.0,0.0,114.0,105.71428571428571,2.0,1.2857142857142858,0.0,0.0
2023-02-10,India,44683862.0,530750.0,0.0,-1225.0,-87.57142857142857,0.0,0.7142857142857143,0.0,0.0
2023-02-11,India,44685219.0,530750.0,0.0,1357.0,90.14285714285714,0.0,0.7142857142857143,0.0,0.0
2023-02-12,India,44685425.0,530753.0,0.0,206.0,106.57142857142857,3.0,1.1428571428571428,0.0,0.0
2023-02-13,India,44685499.0,530753.0,0.0,74.0,104.42857142857143,0.0,1.1428571428571428,0.0,0.0
2023-02-14,India,44685601.0,530756.0,0.0,102.0,105.28571428571429,3.0,1.4285714285714286,0.0,0.0
2023-02-15,India,44685727.0,530757.0,0.0,126.0,107.71428571428571,1.0,1.2857142857142858,0.0,0.0
2023-02-16,India,44685884.0,530757.0,0.0,157.0,113.85714285714286,0.0,1.0,0.0,0.0
2023-02-17,India,44686001.0,530757.0,0.0,117.0,305.57142857142856,0.0,1.0,0.0,0.0
2023-02-18,India,44686143.0,530760.0,0.0,142.0,132.0,3.0,1.4285714285714286,0.0,0.0
2023-02-19,India,44686263.0,530761.0,0.0,120.0,119.71428571428571,1.0,1.1428571428571428,0.0,0.0
2023-02-20,India,44686358.0,530761.0,0.0,95.0,122.71428571428571,0.0,1.1428571428571428,0.0,0.0
2023-02-21,India,44686483.0,530762.0,0.0,125.0,126.0,1.0,0.8571428571428571,0.0,0.0
2023-02-22,India,44686676.0,530763.0,0.0,193.0,135.57142857142858,1.0,0.8571428571428571,0.0,0.0
2023-02-23,India,44686842.0,530764.0,0.0,166.0,136.85714285714286,1.0,1.0,0.0,0.0
2023-02-24,India,44687025.0,530764.0,0.0,183.0,146.28571428571428,0.0,1.0,0.0,0.0
2023-02-25,India,44687243.0,530769.0,0.0,218.0,157.14285714285714,5.0,1.2857142857142858,0.0,0.0
2023-02-26,India,44687428.0,530770.0,0.0,185.0,166.42857142857142,1.0,1.2857142857142858,0.0,0.0
2023-02-27,India,44687597.0,530771.0,0.0,169.0,177.0,1.0,1.4285714285714286,0.0,0.0
2023-02-28,India,44687837.0,530772.0,0.0,240.0,193.42857142857142,1.0,1.4285714285714286,0.0,0.0
2023-03-01,India,44688105.0,530772.0,0.0,268.0,204.14285714285714,0.0,1.2857142857142858,0.0,0.0
2023-03-02,India,44688388.0,530772.0,0.0,283.0,220.85714285714286,0.0,1.1428571428571428,0.0,0.0
2023-03-03,India,44688722.0,530775.0,0.0,334.0,242.42857142857142,3.0,1.5714285714285714,0.0,0.0
2023-03-04,India,44689046.0,530775.0,0.0,324.0,257.57142857142856,0.0,0.8571428571428571,0.0,0.0
2023-03-05,India,44689327.0,530775.0,0.0,281.0,271.2857142857143,0.0,0.7142857142857143,0.0,0.0
2023-03-06,India,44689593.0,530775.0,0.0,266.0,285.14285714285717,0.0,0.5714285714285714,0.0,0.0
2023-03-07,India,44689919.0,530775.0,0.0,326.0,297.42857142857144,0.0,0.42857142857142855,0.0,0.0
2023-03-08,India,44690298.0,530776.0,0.0,379.0,313.2857142857143,1.0,0.5714285714285714,0.0,0.0
2023-03-09,India,44690738.0,530779.0,0.0,440.0,335.7142857142857,3.0,1.0,0.0,0.0
2022-03-10,USA,79581728.0,965037.0,0.0,,,,,,
2022-03-11,USA,79630488.0,966698.0,0.0,48760.0,48760.0,1661.0,1661.0,0.0,0.0
2022-03-12,USA,79641006.0,966978.0,0.0,10518.0,29639.0,280.0,970.5,0.0,0.0
2022-03-13,USA,79652314.0,967174.0,0.0,11308.0,23528.666666666668,196.0,712.3333333333334,0.0,0.0
2022-03-14,USA,79686584.0,968469.0,0.0,34270.0,26214.0,1295.0,858.0,0.0,0.0
2022-03-15,USA,79710097.0,969549.0,0.0,23513.0,25673.8,1080.0,902.4,0.0,0.0
2022-03-16,USA,79761332.0,971397.0,0.0,51235.0,29934.0,1848.0,1060.0,0.0,0.0
2022-03-17,USA,79813357.0,972891.0,0.0,52025.0,33089.857142857145,1494.0,1122.0,0.0,0.0
2022-03-18,USA,79844989.0,973940.0,0.0,31632.0,30643.0,1049.0,1034.5714285714287,0.0,0.0
2022-03-19,USA,79856111.0,974226.0,0.0,11122.0,30729.285714285714,286.0,1035.4285714285713,0.0,0.0
2022-03-20,USA,79867776.0,974314.0,0.0,11665.0,30780.285714285714,88.0,1020.0,0.0,0.0
2022-03-21,USA,79908821.0,975365.0,0.0,41045.0,31748.14285714286,1051.0,985.1428571428571,0.0,0.0
2022-03-22,USA,79930050.0,976139.0,0.0,21229.0,31421.85714285714,774.0,941.4285714285714,0.0,0.0
2022-03-23,USA,79969950.0,977779.0,0.0,39900.0,29802.571428571428,1640.0,911.7142857142857,0.0,0.0
2022-03-24,USA,80012001.0,978646.0,0.0,42051.0,28377.714285714286,867.0,822.1428571428571,0.0,0.0
2022-03-25,USA,80056416.0,979491.0,0.0,44415.0,30203.85714285714,845.0,793.0,0.0,0.0
2022-03-26,USA,80066111.0,979641.0,0.0,9695.0,30000.0,150.0,773.5714285714286,0.0,0.0
2022-03-27,USA,80078147.0,979702.0,0.0,12036.0,30053.0,61.0,769.7142857142857,0.0,0.0
2022-03-28,USA,80115859.0,980722.0,0.0,37712.0,29576.85714285714,1020.0,765.2857142857143,0.0,0.0
2022-03-29,USA,80138918.0,981483.0,0.0,23059.0,29838.285714285714,761.0,763.4285714285714,0.0,0.0
2022-03-30,USA,80177035.0,982627.0,0.0,38117.0,29583.571428571428,1144.0,692.5714285714286,0.0,0.0
2022-03-31,USA,80221585.0,983142.0,0.0,44550.0,29940.571428571428,515.0,642.2857142857143,0.0,0.0
2022-04-01,USA,80252748.0,983972.0,0.0,31163.0,28047.428571428572,830.0,640.1428571428571,0.0,0.0
2022-04-02,USA,80264828.0,984131.0,0.0,12080.0,28388.14285714286,159.0,641.4285714285714,0.0,0.0
2022-04-03,USA,80269842.0,984191.0,0.0,5014.0,27385.0,60.0,641.2857142857143,0.0,0.0
2022-04-04,USA,80307960.0,984776.0,0.0,38118.0,27443.0,585.0,579.1428571428571,0.0,0.0
2022-04-05,USA,80332930.0,985286.0,0.0,24970.0,27716.0,510.0,543.2857142857143,0.0,0.0
2022-04-06,USA,80372860.0,986388.0,0.0,39930.0,27975.0,1102.0,537.2857142857143,0.0,0.0
2022-04-07,USA,80422532.0,987245.0,0.0,49672.0,28706.714285714286,857.0,586.1428571428571,0.0,0.0
2022-04-08,USA,80495710.0,987861.0,0.0,73178.0,34708.857142857145,616.0,555.5714285714286,0.0,0.0
2022-04-09,USA,80508766.0,988030.0,0.0,13056.0,34848.28571428572,169.0,557.0,0.0,0.0
2022-04-10,USA,80518573.0,988060.0,0.0,9807.0,35533.0,30.0,552.7142857142857,0.0,0.0
2022-04-11,USA,80556687.0,988386.0,0.0,38114.0,35532.42857142857,326.0,515.7142857142857,0.0,0.0
2022-04-12,USA,80591910.0,988986.0,0.0,35223.0,36997.142857142855,600.0,528.5714285714286,0.0,0.0
2022-04-13,USA,80647978.0,989914.0,0.0,56068.0,39302.57142857143,928.0,503.7142857142857,0.0,0.0
2022-04-14,USA,80695831.0,990656.0,0.0,47853.0,39042.71428571428,742.0,487.2857142857143,0.0,0.0
2022-04-15,USA,80730300.0,991096.0,0.0,34469.0,33512.857142857145,440.0,462.14285714285717,0.0,0.0
2022-04-16,USA,80743119.0,991150.0,0.0,12819.0,33479.0,54.0,445.7142857142857,0.0,0.0
2022-04-17,USA,80751042.0,991162.0,0.0,7923.0,33209.857142857145,12.0,443.14285714285717,0.0,0.0
2022-04-18,USA,80810593.0,991401.0,0.0,59551.0,36272.28571428572,239.0,430.7142857142857,0.0,0.0
2022-04-19,USA,80849092.0,991855.0,0.0,38499.0,36740.28571428572,454.0,409.85714285714283,0.0,0.0
2022-04-20,USA,80916866.0,992727.0,0.0,67774.0,38412.57142857143,872.0,401.85714285714283,0.0,0.0
2022-04-21,USA,80977349.0,993140.0,0.0,60483.0,40216.857142857145,413.0,354.85714285714283,0.0,0.0
2022-04-22,USA,81065925.0,993650.0,0.0,88576.0,47946.42857142857,510.0,364.85714285714283,0.0,0.0
2022-04-23,USA,81086628.0,993718.0,0.0,20703.0,49072.71428571428,68.0,366.85714285714283,0.0,0.0
2022-04-24,USA,81100611.0,993750.0,0.0,13983.0,49938.42857142857,32.0,369.7142857142857,0.0,0.0
2022-04-25,USA,81168415.0,994013.0,0.0,67804.0,51117.42857142857,263.0,373.14285714285717,0.0,0.0
2022-04-26,USA,81213305.0,994335.0,0.0,44890.0,52030.42857142857,322.0,354.2857142857143,0.0,0.0
2022-04-27,USA,81303117.0,995120.0,0.0,89812.0,55178.71428571428,785.0,341.85714285714283,0.0,0.0
2022-04-28,USA,81380091.0,995548.0,0.0,76974.0,57534.57142857143,428.0,344.0,0.0,0.0
2022-04-29,USA,81441344.0,995954.0,0.0,61253.0,53631.28571428572,406.0,329.14285714285717,0.0,0.0
2022-04-30,USA,81466441.0,996086.0,0.0,25097.0,54259.0,132.0,338.2857142857143,0.0,0.0
2022-05-01,USA,81483804.0,996109.0,0.0,17363.0,54741.857142857145,23.0,337.0,0.0,0.0
2022-05-02,USA,81577677.0,996404.0,0.0,93873.0,58466.0,295.0,341.57142857142856,0.0,0.0
2022-05-03,USA,81627341.0,996857.0,0.0,49664.0,59148.0,453.0,360.2857142857143,0.0,0.0
2022-05-04,USA,81739690.0,998794.0,0.0,112349.0,62367.57142857143,1937.0,524.8571428571429,0.0,0.0
2022-05-05,USA,81827903.0,999094.0,0.0,88213.0,63973.142857142855,300.0,506.57142857142856,0.0,0.0
2022-05-06,USA,81956955.0,999452.0,0.0,129052.0,73658.71428571429,358.0,499.7142857142857,0.0,0.0
2022-05-07,USA,81986006.0,999663.0,0.0,29051.0,74223.57142857143,211.0,511.0,0.0,0.0
2022-05-08,USA,81992619.0,999693.0,0.0,6613.0,72687.85714285714,30.0,512.0,0.0,0.0
2022-05-09,USA,82121797.0,999943.0,0.0,129178.0,77731.42857142857,250.0,505.57142857142856,0.0,0.0
2022-05-10,USA,82192316.0,1000269.0,0.0,70519.0,80710.71428571429,326.0,487.42857142857144,0.0,0.0
2022-05-11,USA,82353337.0,1000942.0,0.0,161021.0,87663.85714285714,673.0,306.85714285714283,0.0,0.0
2022-05-12,USA,82458677.0,1001255.0,0.0,105340.0,90110.57142857143,313.0,308.7142857142857,0.0,0.0
2022-05-13,USA,82545938.0,1001456.0,0.0,87261.0,84140.42857142857,201.0,286.2857142857143,0.0,0.0
2022-05-14,USA,82564426.0,1001522.0,0.0,18488.0,82631.42857142857,66.0,265.57142857142856,0.0,0.0
2022-05-15,USA,82597555.0,1001559.0,0.0,33129.0,86419.42857142857,37.0,266.57142857142856,0.0,0.0
2022-05-16,USA,82774479.0,1001802.0,0.0,176924.0,93240.28571428571,243.0,265.57142857142856,0.0,0.0
2022-05-17,USA,82859805.0,1002197.0,0.0,85326.0,95355.57142857143,395.0,275.42857142857144,0.0,0.0
2022-05-18,USA,83063638.0,1003147.0,0.0,203833.0,101471.57142857143,950.0,315.0,0.0,0.0
2022-05-19,USA,83199187.0,1003504.0,0.0,135549.0,105787.14285714286,357.0,321.2857142857143,0.0,0.0
2022-05-20,USA,83347968.0,1003903.0,0.0,148781.0,114575.71428571429,399.0,349.57142857142856,0.0,0.0
2022-05-21,USA,83376122.0,1003998.0,0.0,28154.0,115956.57142857143,95.0,353.7142857142857,0.0,0.0
2022-05-22,USA,83389299.0,1004045.0,0.0,13177.0,113106.28571428571,47.0,355.14285714285717,0.0,0.0
2022-05-23,USA,83538499.0,1004289.0,0.0,149200.0,109145.71428571429,244.0,355.2857142857143,0.0,0.0
2022-05-24,USA,83622359.0,1004633.0,0.0,83860.0,108936.28571428571,344.0,348.0,0.0,0.0
2022-05-25,USA,83833099.0,1005711.0,0.0,210740.0,109923.0,1078.0,366.2857142857143,0.0,0.0
2022-05-26,USA,83968629.0,1006078.0,0.0,135530.0,109920.28571428571,367.0,367.7142857142857,0.0,0.0
2022-05-27,USA,84076461.0,1006602.0,0.0,107832.0,104070.42857142857,524.0,385.57142857142856,0.0,0.0
2022-05-28,USA,84090734.0,1006649.0,0.0,14273.0,102087.42857142857,47.0,378.7142857142857,0.0,0.0
2022-05-29,USA,84097861.0,1006668.0,0.0,7127.0,101223.14285714286,19.0,374.7142857142857,0.0,0.0
2022-05-30,USA,84160373.0,1006710.0,0.0,62512.0,88839.14285714286,42.0,345.85714285714283,0.0,0.0
2022-05-31,USA,84327544.0,1007077.0,0.0,167171.0,100740.71428571429,367.0,349.14285714285717,0.0,0.0
2022-06-01,USA,84556267.0,1007741.0,0.0,228723.0,103309.71428571429,664.0,290.0,0.0,0.0
2022-06-02,USA,84678587.0,1008082.0,0.0,122320.0,101422.57142857143,341.0,286.2857142857143,0.0,0.0
2022-06-03,USA,84835573.0,1008454.0,0.0,156986.0,108444.57142857143,372.0,264.57142857142856,0.0,0.0
2022-06-04,USA,84863718.0,1008638.0,0.0,28145.0,110426.28571428571,184.0,284.14285714285717,0.0,0.0
2022-06-05,USA,84880100.0,1008672.0,0.0,16382.0,111748.42857142857,34.0,286.2857142857143,0.0,0.0
2022-06-06,USA,85039922.0,1008951.0,0.0,159822.0,125649.85714285714,279.0,320.14285714285717,0.0,0.0
2022-06-07,USA,85126555.0,1009432.0,0.0,86633.0,114144.42857142857,481.0,336.42857142857144,0.0,0.0
2022-06-08,USA,85325154.0,1010606.0,0.0,198599.0,109841.0,1174.0,409.2857142857143,0.0,0.0
2022-06-09,USA,85457093.0,1010927.0,0.0,131939.0,111215.14285714286,321.0,406.42857142857144,0.0,0.0
2022-06-10,USA,85563254.0,1011287.0,0.0,106161.0,103954.42857142857,360.0,404.7142857142857,0.0,0.0
2022-06-11,USA,85598649.0,1011404.0,0.0,35395.0,104990.14285714286,117.0,395.14285714285717,0.0,0.0
2022-06-12,USA,85616523.0,1011434.0,0.0,17874.0,105203.28571428571,30.0,394.57142857142856,0.0,0.0
2022-06-13,USA,85768092.0,1011705.0,0.0,151569.0,104024.28571428571,271.0,393.42857142857144,0.0,0.0
2022-06-14,USA,85858269.0,1012089.0,0.0,90177.0,104530.57142857143,384.0,379.57142857142856,0.0,0.0
2022-06-15,USA,86043157.0,1012785.0,0.0,184888.0,102571.85714285714,696.0,311.2857142857143,0.0,0.0
2022-06-16,USA,86173188.0,1013234.0,0.0,130031.0,102299.28571428571,449.0,329.57142857142856,0.0,0.0
2022-06-17,USA,86312000.0,1013551.0,0.0,138812.0,106963.71428571429,317.0,323.42857142857144,0.0,0.0
2022-06-18,USA,86329794.0,1013594.0,0.0,17794.0,104449.28571428571,43.0,312.85714285714283,0.0,0.0
2022-06-19,USA,86347944.0,1013648.0,0.0,18150.0,104488.71428571429,54.0,316.2857142857143,0.0,0.0
2022-06-20,USA,86443987.0,1013720.0,0.0,96043.0,96556.42857142857,72.0,287.85714285714283,0.0,0.0
2022-06-21,USA,86555173.0,1014196.0,0.0,111186.0,99557.71428571429,476.0,301.0,0.0,0.0
2022-06-22,USA,86740533.0,1015038.0,0.0,185360.0,99625.14285714286,842.0,321.85714285714283,0.0,0.0
2022-06-23,USA,86879240.0,1015431.0,0.0,138707.0,100864.57142857143,393.0,313.85714285714283,0.0,0.0
2022-06-24,USA,86996447.0,1015863.0,0.0,117207.0,97778.14285714286,432.0,330.2857142857143,0.0,0.0
2022-06-25,USA,87037562.0,1016028.0,0.0,41115.0,101109.71428571429,165.0,347.7142857142857,0.0,0.0
2022-06-26,USA,87060024.0,1016050.0,0.0,22462.0,101725.71428571429,22.0,343.14285714285717,0.0,0.0
2022-06-27,USA,87219959.0,1016347.0,0.0,159935.0,110853.14285714286,297.0,375.2857142857143,0.0,0.0
2022-06-28,USA,87317769.0,1016924.0,0.0,97810.0,108942.28571428571,577.0,389.7142857142857,0.0,0.0
2022-06-29,USA,87507662.0,1017630.0,0.0,189893.0,109589.85714285714,706.0,370.2857142857143,0.0,0.0
2022-06-30,USA,87675415.0,1017377.0,0.0,167753.0,113739.28571428571,-253.0,278.0,0.0,0.0
2022-07-01,USA,87832253.0,1017872.0,0.0,156838.0,119400.85714285714,495.0,287.0,0.0,0.0
2022-07-02,USA,87852832.0,1017929.0,0.0,20579.0,116467.14285714286,57.0,271.57142857142856,0.0,0.0
2022-07-03,USA,87861491.0,1017937.0,0.0,8659.0,114495.28571428571,8.0,269.57142857142856,0.0,0.0
2022-07-04,USA,87937948.0,1018017.0,0.0,76457.0,102569.85714285714,80.0,238.57142857142858,0.0,0.0
2022-07-05,USA,88079364.0,1018479.0,0.0,141416.0,108799.28571428571,462.0,222.14285714285714,0.0,0.0
2022-07-06,USA,88279768.0,1019225.0,0.0,200404.0,110300.85714285714,746.0,227.85714285714286,0.0,0.0
2022-07-07,USA,88418829.0,1020315.0,0.0,139061.0,106202.0,1090.0,419.7142857142857,0.0,0.0
2022-07-08,USA,88556536.0,1020798.0,0.0,137707.0,103469.0,483.0,418.0,0.0,0.0
2022-07-09,USA,88585837.0,1020897.0,0.0,29301.0,104715.0,99.0,424.0,0.0,0.0
2022-07-10,USA,88610605.0,1020929.0,0.0,24768.0,107016.28571428571,32.0,427.42857142857144,0.0,0.0
2022-07-11,USA,88811480.0,1021386.0,0.0,200875.0,124790.28571428571,457.0,481.2857142857143,0.0,0.0
2022-07-12,USA,88959681.0,1021965.0,0.0,148201.0,125759.57142857143,579.0,498.0,0.0,0.0
2022-07-13,USA,89163998.0,1022921.0,0.0,204317.0,126318.57142857143,956.0,528.0,0.0,0.0
2022-07-14,USA,89339450.0,1023316.0,0.0,175452.0,131517.2857142857,395.0,428.7142857142857,0.0,0.0
2022-07-15,USA,89492643.0,1023808.0,0.0,153193.0,133729.57142857142,492.0,430.0,0.0,0.0
2022-07-16,USA,89532095.0,1023880.0,0.0,39452.0,135179.7142857143,72.0,426.14285714285717,0.0,0.0
2022-07-17,USA,89561931.0,1023934.0,0.0,29836.0,135903.7142857143,54.0,429.2857142857143,0.0,0.0
2022-07-18,USA,89726778.0,1024368.0,0.0,164847.0,130756.85714285714,434.0,426.0,0.0,0.0
2022-07-19,USA,89843975.0,1025002.0,0.0,117197.0,126327.71428571429,634.0,433.85714285714283,0.0,0.0
2022-07-20,USA,90060378.0,1025888.0,0.0,216403.0,128054.28571428571,886.0,423.85714285714283,0.0,0.0
2022-07-21,USA,90236138.0,1026400.0,0.0,175760.0,128098.28571428571,512.0,440.57142857142856,0.0,0.0
2022-07-22,USA,90367542.0,1026948.0,0.0,131404.0,124985.57142857143,548.0,448.57142857142856,0.0,0.0
2022-07-23,USA,90394143.0,1027050.0,0.0,26601.0,123149.71428571429,102.0,452.85714285714283,0.0,0.0
2022-07-24,USA,90417634.0,1027082.0,0.0,23491.0,122243.28571428571,32.0,449.7142857142857,0.0,0.0
2022-07-25,USA,90607493.0,1027505.0,0.0,189859.0,125816.42857142857,423.0,448.14285714285717,0.0,0.0
2022-07-26,USA,90739588.0,1028057.0,0.0,132095.0,127944.71428571429,552.0,436.42857142857144,0.0,0.0
2022-07-27,USA,90979365.0,1028991.0,0.0,239777.0,131283.85714285713,934.0,443.2857142857143,0.0,0.0
2022-07-28,USA,91156742.0,1029420.0,0.0,177377.0,131514.85714285713,429.0,431.42857142857144,0.0,0.0
2022-07-29,USA,91315977.0,1030024.0,0.0,159235.0,135490.7142857143,604.0,439.42857142857144,0.0,0.0
2022-07-30,USA,91332204.0,1030075.0,0.0,16227.0,134008.7142857143,51.0,432.14285714285717,0.0,0.0
2022-07-31,USA,91345425.0,1030088.0,0.0,13221.0,132541.57142857142,13.0,429.42857142857144,0.0,0.0
2022-08-01,USA,91515236.0,1030654.0,0.0,169811.0,129677.57142857143,566.0,449.85714285714283,0.0,0.0
2022-08-02,USA,91606171.0,1031173.0,0.0,90935.0,123797.57142857143,519.0,445.14285714285717,0.0,0.0
2022-08-03,USA,91806570.0,1032217.0,0.0,200399.0,118172.14285714286,1044.0,460.85714285714283,0.0,0.0
2022-08-04,USA,91993893.0,1032881.0,0.0,187323.0,119593.0,664.0,494.42857142857144,0.0,0.0
2022-08-05,USA,92100011.0,1033568.0,0.0,106118.0,112004.85714285714,687.0,506.2857142857143,0.0,0.0
2022-08-06,USA,92115152.0,1033641.0,0.0,15141.0,111849.71428571429,73.0,509.42857142857144,0.0,0.0
2022-08-07,USA,92127889.0,1033673.0,0.0,12737.0,111780.57142857143,32.0,512.1428571428571,0.0,0.0
2022-08-08,USA,92283082.0,1034167.0,0.0,155193.0,109692.28571428571,494.0,501.85714285714283,0.0,0.0
2022-08-09,USA,92382841.0,1034816.0,0.0,99759.0,110952.85714285714,649.0,520.4285714285714,0.0,0.0
2022-08-10,USA,92579320.0,1035729.0,0.0,196479.0,110392.85714285714,913.0,501.7142857142857,0.0,0.0
2022-08-11,USA,92742297.0,1036318.0,0.0,162977.0,106914.85714285714,589.0,491.0,0.0,0.0
2022-08-12,USA,92838951.0,1036933.0,0.0,96654.0,105562.85714285714,615.0,480.7142857142857,0.0,0.0
2022-08-13,USA,92922767.0,1037019.0,0.0,83816.0,115373.57142857143,86.0,482.57142857142856,0.0,0.0
2022-08-14,USA,92932588.0,1037036.0,0.0,9821.0,114957.0,17.0,480.42857142857144,0.0,0.0
2022-08-15,USA,93055285.0,1037498.0,0.0,122697.0,110314.71428571429,462.0,475.85714285714283,0.0,0.0
2022-08-16,USA,93147062.0,1038018.0,0.0,91777.0,109174.42857142857,520.0,457.42857142857144,0.0,0.0
2022-08-17,USA,93283935.0,1039085.0,0.0,136873.0,100659.28571428571,1067.0,479.42857142857144,0.0,0.0
2022-08-18,USA,93433063.0,1039734.0,0.0,149128.0,98680.85714285714,649.0,488.0,0.0,0.0
2022-08-19,USA,93510612.0,1040298.0,0.0,77549.0,95951.57142857143,564.0,480.7142857142857,0.0,0.0
2022-08-20,USA,93521828.0,1040373.0,0.0,11216.0,85580.14285714286,75.0,479.14285714285717,0.0,0.0
2022-08-21,USA,93531703.0,1041161.0,0.0,9875.0,85587.85714285714,788.0,589.2857142857143,0.0,0.0
2022-08-22,USA,93660652.0,1040905.0,0.0,128949.0,86481.0,-256.0,486.7142857142857,0.0,0.0
2022-08-23,USA,93759938.0,1041521.0,0.0,99286.0,87553.71428571429,616.0,500.42857142857144,0.0,0.0
2022-08-24,USA,93911627.0,1042451.0,0.0,151689.0,89670.28571428571,930.0,480.85714285714283,0.0,0.0
2022-08-25,USA,94051288.0,1043101.0,0.0,139661.0,88317.85714285714,650.0,481.0,0.0,0.0
2022-08-26,USA,94172008.0,1043771.0,0.0,120720.0,94485.14285714286,670.0,496.14285714285717,0.0,0.0
2022-08-27,USA,94183881.0,1043843.0,0.0,11873.0,94579.0,72.0,495.7142857142857,0.0,0.0
2022-08-28,USA,94192404.0,1043863.0,0.0,8523.0,94385.85714285714,20.0,386.0,0.0,0.0
2022-08-29,USA,94298521.0,1044338.0,0.0,106117.0,91124.14285714286,475.0,490.42857142857144,0.0,0.0
2022-08-30,USA,94374035.0,1044749.0,0.0,75514.0,87728.14285714286,411.0,461.14285714285717,0.0,0.0
2022-08-31,USA,94528255.0,1046240.0,0.0,154220.0,88089.71428571429,1491.0,541.2857142857143,0.0,0.0
2022-09-01,USA,94659072.0,1046956.0,0.0,130817.0,86826.28571428571,716.0,550.7142857142857,0.0,0.0
2022-09-02,USA,94723711.0,1047407.0,0.0,64639.0,78814.71428571429,451.0,519.4285714285714,0.0,0.0
2022-09-03,USA,94735199.0,1047475.0,0.0,11488.0,78759.71428571429,68.0,518.8571428571429,0.0,0.0
2022-09-04,USA,94742681.0,1047489.0,0.0,7482.0,78611.0,14.0,518.0,0.0,0.0
2022-09-05,USA,94776356.0,1047578.0,0.0,33675.0,68262.14285714286,89.0,462.85714285714283,0.0,0.0
2022-09-06,USA,94888803.0,1048183.0,0.0,112447.0,73538.28571428571,605.0,490.57142857142856,0.0,0.0
2022-09-07,USA,95012774.0,1048962.0,0.0,123971.0,69217.0,779.0,388.85714285714283,0.0,0.0
2022-09-08,USA,95119998.0,1049673.0,0.0,107224.0,65846.57142857143,711.0,388.14285714285717,0.0,0.0
2022-09-09,USA,95220758.0,1050179.0,0.0,100760.0,71006.71428571429,506.0,396.0,0.0,0.0
2022-09-10,USA,95230918.0,1050261.0,0.0,10160.0,70817.0,82.0,398.0,0.0,0.0
2022-09-11,USA,95239962.0,1050282.0,0.0,9044.0,71040.14285714286,21.0,399.0,0.0,0.0
2022-09-12,USA,95309350.0,1050733.0,0.0,69388.0,76142.0,451.0,450.7142857142857,0.0,0.0
2022-09-13,USA,95389023.0,1051261.0,0.0,79673.0,71460.0,528.0,439.7142857142857,0.0,0.0
2022-09-14,USA,95492224.0,1052202.0,0.0,103201.0,68492.85714285714,941.0,462.85714285714283,0.0,0.0
2022-09-15,USA,95575861.0,1052896.0,0.0,83637.0,65123.28571428572,694.0,460.42857142857144,0.0,0.0
2022-09-16,USA,95632097.0,1053302.0,0.0,56236.0,58762.71428571428,406.0,446.14285714285717,0.0,0.0
2022-09-17,USA,95640668.0,1053361.0,0.0,8571.0,58535.71428571428,59.0,442.85714285714283,0.0,0.0
2022-09-18,USA,95646159.0,1053385.0,0.0,5491.0,58028.142857142855,24.0,443.2857142857143,0.0,0.0
2022-09-19,USA,95701850.0,1053774.0,0.0,55691.0,56071.42857142857,389.0,434.42857142857144,0.0,0.0
2022-09-20,USA,95771112.0,1054223.0,0.0,69262.0,54584.142857142855,449.0,423.14285714285717,0.0,0.0
2022-09-21,USA,95869476.0,1055189.0,0.0,98364.0,53893.142857142855,966.0,426.7142857142857,0.0,0.0
2022-09-22,USA,95950546.0,1055879.0,0.0,81070.0,53526.42857142857,690.0,426.14285714285717,0.0,0.0
2022-09-23,USA,96033830.0,1056276.0,0.0,83284.0,57390.42857142857,397.0,424.85714285714283,0.0,0.0
2022-09-24,USA,96043588.0,1056358.0,0.0,9758.0,57560.0,82.0,428.14285714285717,0.0,0.0
2022-09-25,USA,96050333.0,1056376.0,0.0,6745.0,57739.142857142855,18.0,427.2857142857143,0.0,0.0
2022-09-26,USA,96095885.0,1056741.0,0.0,45552.0,56290.71428571428,365.0,423.85714285714283,0.0,0.0
2022-09-27,USA,96156934.0,1057193.0,0.0,61049.0,55117.42857142857,452.0,424.2857142857143,0.0,0.0
2022-09-28,USA,96243479.0,1058461.0,0.0,86545.0,53429.0,1268.0,467.42857142857144,0.0,0.0
2022-09-29,USA,96328015.0,1059187.0,0.0,84536.0,53924.142857142855,726.0,472.57142857142856,0.0,0.0
2022-09-30,USA,96361580.0,1059507.0,0.0,33565.0,46821.42857142857,320.0,461.57142857142856,0.0,0.0
2022-10-01,USA,96369625.0,1059542.0,0.0,8045.0,46576.71428571428,35.0,454.85714285714283,0.0,0.0
2022-10-02,USA,96375509.0,1059560.0,0.0,5884.0,46453.71428571428,18.0,454.85714285714283,0.0,0.0
2022-10-03,USA,96416999.0,1059851.0,0.0,41490.0,45873.42857142857,291.0,444.2857142857143,0.0,0.0
2022-10-04,USA,96472358.0,1060356.0,0.0,55359.0,45060.57142857143,505.0,451.85714285714283,0.0,0.0
2022-10-05,USA,96543735.0,1061382.0,0.0,71377.0,42893.71428571428,1026.0,417.2857142857143,0.0,0.0
2022-10-06,USA,96604699.0,1062009.0,0.0,60964.0,39526.28571428572,627.0,403.14285714285717,0.0,0.0
2022-10-07,USA,96663035.0,1062409.0,0.0,58336.0,43065.0,400.0,414.57142857142856,0.0,0.0
2022-10-08,USA,96670876.0,1062461.0,0.0,7841.0,43035.857142857145,52.0,417.0,0.0,0.0
2022-10-09,USA,96676516.0,1062473.0,0.0,5640.0,43001.0,12.0,416.14285714285717,0.0,0.0
2022-10-10,USA,96699589.0,1062608.0,0.0,23073.0,40370.0,135.0,393.85714285714283,0.0,0.0
2022-10-11,USA,96760434.0,1063218.0,0.0,60845.0,41153.71428571428,610.0,408.85714285714283,0.0,0.0
2022-10-12,USA,96825135.0,1063988.0,0.0,64701.0,40200.0,770.0,372.2857142857143,0.0,0.0
2022-10-13,USA,96888756.0,1064579.0,0.0,63621.0,40579.57142857143,591.0,367.14285714285717,0.0,0.0
2022-10-14,USA,96915830.0,1064910.0,0.0,27074.0,36113.57142857143,331.0,357.2857142857143,0.0,0.0
2022-10-15,USA,96921917.0,1064952.0,0.0,6087.0,35863.0,42.0,355.85714285714283,0.0,0.0
2022-10-16,USA,96928733.0,1064963.0,0.0,6816.0,36031.0,11.0,355.7142857142857,0.0,0.0
2022-10-17,USA,96967685.0,1065300.0,0.0,38952.0,38299.42857142857,337.0,384.57142857142856,0.0,0.0
2022-10-18,USA,97011349.0,1065737.0,0.0,43664.0,35845.0,437.0,359.85714285714283,0.0,0.0
2022-10-19,USA,97072048.0,1066447.0,0.0,60699.0,35273.28571428572,710.0,351.2857142857143,0.0,0.0
2022-10-20,USA,97129478.0,1067052.0,0.0,57430.0,34388.857142857145,605.0,353.2857142857143,0.0,0.0
2022-10-21,USA,97175604.0,1067633.0,0.0,46126.0,37110.57142857143,581.0,389.0,0.0,0.0
2022-10-22,USA,97181092.0,1067656.0,0.0,5488.0,37025.0,23.0,386.2857142857143,0.0,0.0
2022-10-23,USA,97189727.0,1067668.0,0.0,8635.0,37284.857142857145,12.0,386.42857142857144,0.0,0.0
2022-10-24,USA,97229112.0,1067877.0,0.0,39385.0,37346.71428571428,209.0,368.14285714285717,0.0,0.0
2022-10-25,USA,97272915.0,1068312.0,0.0,43803.0,37366.57142857143,435.0,367.85714285714283,0.0,0.0
2022-10-26,USA,97344455.0,1069412.0,0.0,71540.0,38915.28571428572,1100.0,423.57142857142856,0.0,0.0
2022-10-27,USA,97403798.0,1070006.0,0.0,59343.0,39188.57142857143,594.0,422.0,0.0,0.0
2022-10-28,USA,97434240.0,1070198.0,0.0,30442.0,36948.0,192.0,366.42857142857144,0.0,0.0
2022-10-29,USA,97443365.0,1070235.0,0.0,9125.0,37467.57142857143,37.0,368.42857142857144,0.0,0.0
2022-10-30,USA,97446797.0,1070244.0,0.0,3432.0,36724.28571428572,9.0,368.0,0.0,0.0
2022-10-31,USA,97491766.0,1070376.0,0.0,44969.0,37522.0,132.0,357.0,0.0,0.0
2022-11-01,USA,97540736.0,1070821.0,0.0,48970.0,38260.142857142855,445.0,358.42857142857144,0.0,0.0
2022-11-02,USA,97614775.0,1071544.0,0.0,74039.0,38617.142857142855,723.0,304.57142857142856,0.0,0.0
2022-11-03,USA,97685617.0,1072189.0,0.0,70842.0,40259.857142857145,645.0,311.85714285714283,0.0,0.0
2022-11-04,USA,97724326.0,1072544.0,0.0,38709.0,41440.857142857145,355.0,335.14285714285717,0.0,0.0
2022-11-05,USA,97729627.0,1072577.0,0.0,5301.0,40894.57142857143,33.0,334.57142857142856,0.0,0.0
2022-11-06,USA,97737758.0,1072597.0,0.0,8131.0,41565.857142857145,20.0,336.14285714285717,0.0,0.0
2022-11-07,USA,97778436.0,1072731.0,0.0,40678.0,40952.857142857145,134.0,336.42857142857144,0.0,0.0
2022-11-08,USA,97809892.0,1072952.0,0.0,31456.0,38450.857142857145,221.0,304.42857142857144,0.0,0.0
2022-11-09,USA,97907217.0,1073860.0,0.0,97325.0,41777.42857142857,908.0,330.85714285714283,0.0,0.0
2022-11-10,USA,97973552.0,1074452.0,0.0,66335.0,41133.57142857143,592.0,323.2857142857143,0.0,0.0
2022-11-11,USA,97986735.0,1074508.0,0.0,13183.0,37487.0,56.0,280.57142857142856,0.0,0.0
2022-11-12,USA,97992007.0,1074513.0,0.0,5272.0,37482.857142857145,5.0,276.57142857142856,0.0,0.0
2022-11-13,USA,97994653.0,1074526.0,0.0,2646.0,36699.28571428572,13.0,275.57142857142856,0.0,0.0
2022-11-14,USA,98045066.0,1074780.0,0.0,50413.0,38090.0,254.0,292.7142857142857,0.0,0.0
2022-11-15,USA,98104944.0,1075182.0,0.0,59878.0,42150.28571428572,402.0,318.57142857142856,0.0,0.0
2022-11-16,USA,98189692.0,1075982.0,0.0,84748.0,40353.57142857143,800.0,303.14285714285717,0.0,0.0
2022-11-17,USA,98243790.0,1076510.0,0.0,54098.0,38605.42857142857,528.0,294.0,0.0,0.0
2022-11-18,USA,98299385.0,1077020.0,0.0,55595.0,44664.28571428572,510.0,358.85714285714283,0.0,0.0
2022-11-19,USA,98304397.0,1077043.0,0.0,5012.0,44627.142857142855,23.0,361.42857142857144,0.0,0.0
2022-11-20,USA,98308346.0,1077063.0,0.0,3949.0,44813.28571428572,20.0,362.42857142857144,0.0,0.0
2022-11-21,USA,98352864.0,1077274.0,0.0,44518.0,43971.142857142855,211.0,356.2857142857143,0.0,0.0
2022-11-22,USA,98409179.0,1077840.0,0.0,56315.0,43462.142857142855,566.0,379.7142857142857,0.0,0.0
2022-11-23,USA,98522619.0,1078826.0,0.0,113440.0,47561.0,986.0,406.2857142857143,0.0,0.0
2022-11-24,USA,98538940.0,1079015.0,0.0,16321.0,42164.28571428572,189.0,357.85714285714283,0.0,0.0
2022-11-25,USA,98561273.0,1079169.0,0.0,22333.0,37412.57142857143,154.0,307.0,0.0,0.0
2022-11-26,USA,98564574.0,1079183.0,0.0,3301.0,37168.142857142855,14.0,305.7142857142857,0.0,0.0
2022-11-27,USA,98570524.0,1079196.0,0.0,5950.0,37454.0,13.0,304.7142857142857,0.0,0.0
2022-11-28,USA,98632854.0,1079494.0,0.0,62330.0,39998.57142857143,298.0,317.14285714285717,0.0,0.0
2022-11-29,USA,98700309.0,1079906.0,0.0,67455.0,41590.0,412.0,295.14285714285717,0.0,0.0
2022-11-30,USA,98813321.0,1080466.0,0.0,113012.0,41528.857142857145,560.0,234.28571428571428,0.0,0.0
2022-12-01,USA,98903928.0,1081153.0,0.0,90607.0,52141.142857142855,687.0,305.42857142857144,0.0,0.0
2022-12-02,USA,98968313.0,1081465.0,0.0,64385.0,58148.57142857143,312.0,328.0,0.0,0.0
2022-12-03,USA,98975438.0,1081494.0,0.0,7125.0,58694.857142857145,29.0,330.14285714285717,0.0,0.0
2022-12-04,USA,98980990.0,1081505.0,0.0,5552.0,58638.0,11.0,329.85714285714283,0.0,0.0
2022-12-05,USA,99038798.0,1081728.0,0.0,57808.0,57992.0,223.0,319.14285714285717,0.0,0.0
2022-12-06,USA,99133789.0,1082333.0,0.0,94991.0,61925.71428571428,605.0,346.7142857142857,0.0,0.0
2022-12-07,USA,99279229.0,1083338.0,0.0,145440.0,66558.28571428571,1005.0,410.2857142857143,0.0,0.0
2022-12-08,USA,99378455.0,1084230.0,0.0,99226.0,67789.57142857143,892.0,439.57142857142856,0.0,0.0
2022-12-09,USA,99414998.0,1084429.0,0.0,36543.0,63812.142857142855,199.0,423.42857142857144,0.0,0.0
2022-12-10,USA,99422186.0,1084462.0,0.0,7188.0,63821.142857142855,33.0,424.0,0.0,0.0
2022-12-11,USA,99428500.0,1084473.0,0.0,6314.0,63930.0,11.0,424.0,0.0,0.0
2022-12-12,USA,99487847.0,1084701.0,0.0,59347.0,64149.857142857145,228.0,424.7142857142857,0.0,0.0
2022-12-13,USA,99581078.0,1085296.0,0.0,93231.0,63898.42857142857,595.0,423.2857142857143,0.0,0.0
2022-12-14,USA,99729246.0,1086179.0,0.0,148168.0,64288.142857142855,883.0,405.85714285714283,0.0,0.0
2022-12-15,USA,99841367.0,1087000.0,0.0,112121.0,66130.28571428571,821.0,395.7142857142857,0.0,0.0
2022-12-16,USA,99895955.0,1087425.0,0.0,54588.0,68708.14285714286,425.0,428.0,0.0,0.0
2022-12-17,USA,99902767.0,1087451.0,0.0,6812.0,68654.42857142857,26.0,427.0,0.0,0.0
2022-12-18,USA,99908625.0,1087473.0,0.0,5858.0,68589.28571428571,22.0,428.57142857142856,0.0,0.0
2022-12-19,USA,99969013.0,1087755.0,0.0,60388.0,68738.0,282.0,436.2857142857143,0.0,0.0
2022-12-20,USA,100050937.0,1088341.0,0.0,81924.0,67122.71428571429,586.0,435.0,0.0,0.0
2022-12-21,USA,100233060.0,1089383.0,0.0,182123.0,71973.42857142857,1042.0,457.7142857142857,0.0,0.0
2022-12-22,USA,100329204.0,1089979.0,0.0,96144.0,69691.0,596.0,425.57142857142856,0.0,0.0
2022-12-23,USA,100368433.0,1090186.0,0.0,39229.0,67496.85714285714,207.0,394.42857142857144,0.0,0.0
2022-12-24,USA,100374955.0,1090208.0,0.0,6522.0,67455.42857142857,22.0,393.85714285714283,0.0,0.0
2022-12-25,USA,100378169.0,1090223.0,0.0,3214.0,67077.71428571429,15.0,392.85714285714283,0.0,0.0
2022-12-26,USA,100390601.0,1090252.0,0.0,12432.0,60226.857142857145,29.0,356.7142857142857,0.0,0.0
2022-12-27,USA,100501536.0,1090608.0,0.0,110935.0,64371.28571428572,356.0,323.85714285714283,0.0,0.0
2022-12-28,USA,100614880.0,1091598.0,0.0,113344.0,54545.71428571428,990.0,316.42857142857144,0.0,0.0
2022-12-29,USA,100718983.0,1092522.0,0.0,104103.0,55682.71428571428,924.0,363.2857142857143,0.0,0.0
2022-12-30,USA,100757380.0,1092738.0,0.0,38397.0,55563.857142857145,216.0,364.57142857142856,0.0,0.0
2022-12-31,USA,100765333.0,1092764.0,0.0,7953.0,55768.28571428572,26.0,365.14285714285717,0.0,0.0
2023-01-01,USA,100769628.0,1092779.0,0.0,4295.0,55922.71428571428,15.0,365.14285714285717,0.0,0.0
2023-01-02,USA,100777938.0,1092801.0,0.0,8310.0,55333.857142857145,22.0,364.14285714285717,0.0,0.0
2023-01-03,USA,100866744.0,1093208.0,0.0,88806.0,52172.57142857143,407.0,371.42857142857144,0.0,0.0
2023-01-04,USA,101064860.0,1094493.0,0.0,198116.0,64282.857142857145,1285.0,413.57142857142856,0.0,0.0
2023-01-05,USA,101196089.0,1095335.0,0.0,131229.0,68158.0,842.0,401.85714285714283,0.0,0.0
2023-01-06,USA,101261277.0,1095789.0,0.0,65188.0,71985.28571428571,454.0,435.85714285714283,0.0,0.0
2023-01-07,USA,101267132.0,1095815.0,0.0,5855.0,71685.57142857143,26.0,435.85714285714283,0.0,0.0
2023-01-08,USA,101272842.0,1095832.0,0.0,5710.0,71887.71428571429,17.0,436.14285714285717,0.0,0.0
2023-01-09,USA,101315853.0,1096132.0,0.0,43011.0,76845.0,300.0,475.85714285714283,0.0,0.0
2023-01-10,USA,101399138.0,1097024.0,0.0,83285.0,76056.28571428571,892.0,545.1428571428571,0.0,0.0
2023-01-11,USA,101538756.0,1098854.0,0.0,139618.0,67699.42857142857,1830.0,623.0,0.0,0.0
2023-01-12,USA,101603736.0,1099574.0,0.0,64980.0,58235.28571428572,720.0,605.5714285714286,0.0,0.0
2023-01-13,USA,101637051.0,1099954.0,0.0,33315.0,53682.0,380.0,595.0,0.0,0.0
2023-01-14,USA,101642336.0,1100006.0,0.0,5285.0,53600.57142857143,52.0,598.7142857142857,0.0,0.0
2023-01-15,USA,101645654.0,1100023.0,0.0,3318.0,53258.857142857145,17.0,598.7142857142857,0.0,0.0
2023-01-16,USA,101653171.0,1100068.0,0.0,7517.0,48188.28571428572,45.0,562.2857142857143,0.0,0.0
2023-01-17,USA,101734426.0,1100812.0,0.0,81255.0,47898.28571428572,744.0,541.1428571428571,0.0,0.0
2023-01-18,USA,101863056.0,1102393.0,0.0,128630.0,46328.57142857143,1581.0,505.57142857142856,0.0,0.0
2023-01-19,USA,101954244.0,1103712.0,0.0,91188.0,50072.57142857143,1319.0,591.1428571428571,0.0,0.0
2023-01-20,USA,101991763.0,1104154.0,0.0,37519.0,50673.142857142855,442.0,600.0,0.0,0.0
2023-01-21,USA,101996891.0,1104178.0,0.0,5128.0,50650.71428571428,24.0,596.0,0.0,0.0
2023-01-22,USA,102000179.0,1104191.0,0.0,3288.0,50646.42857142857,13.0,595.4285714285714,0.0,0.0
2023-01-23,USA,102031232.0,1104505.0,0.0,31053.0,54008.71428571428,314.0,633.8571428571429,0.0,0.0
2023-01-24,USA,102086966.0,1105308.0,0.0,55734.0,50362.857142857145,803.0,642.2857142857143,0.0,0.0
2023-01-25,USA,102189274.0,1106676.0,0.0,102308.0,46602.57142857143,1368.0,611.8571428571429,0.0,0.0
2023-01-26,USA,102253390.0,1107559.0,0.0,64116.0,42735.142857142855,883.0,549.5714285714286,0.0,0.0
2023-01-27,USA,102270311.0,1107661.0,0.0,16921.0,39792.57142857143,102.0,501.0,0.0,0.0
2023-01-28,USA,102274906.0,1107676.0,0.0,4595.0,39716.42857142857,15.0,499.7142857142857,0.0,0.0
2023-01-29,USA,102278398.0,1107690.0,0.0,3492.0,39745.57142857143,14.0,499.85714285714283,0.0,0.0
2023-01-30,USA,102307529.0,1107918.0,0.0,29131.0,39471.0,228.0,487.57142857142856,0.0,0.0
2023-01-31,USA,102362870.0,1108688.0,0.0,55341.0,39414.857142857145,770.0,482.85714285714283,0.0,0.0
2023-02-01,USA,102479379.0,1109996.0,0.0,116509.0,41443.57142857143,1308.0,474.2857142857143,0.0,0.0
2023-02-02,USA,102561054.0,1111159.0,0.0,81675.0,43952.0,1163.0,514.2857142857143,0.0,0.0
2023-02-03,USA,102599784.0,1111679.0,0.0,38730.0,47067.57142857143,520.0,574.0,0.0,0.0
2023-02-04,USA,102603942.0,1111696.0,0.0,4158.0,47005.142857142855,17.0,574.2857142857143,0.0,0.0
2023-02-05,USA,102606868.0,1111698.0,0.0,2926.0,46924.28571428572,2.0,572.5714285714286,0.0,0.0
2023-02-06,USA,102631179.0,1111890.0,0.0,24311.0,46235.71428571428,192.0,567.4285714285714,0.0,0.0
2023-02-07,USA,102676694.0,1112362.0,0.0,45515.0,44832.0,472.0,524.8571428571429,0.0,0.0
2023-02-08,USA,102760211.0,1113429.0,0.0,83517.0,40118.857142857145,1067.0,490.42857142857144,0.0,0.0
2023-02-09,USA,102842061.0,1114385.0,0.0,81850.0,40143.857142857145,956.0,460.85714285714283,0.0,0.0
2023-02-10,USA,102855101.0,1114492.0,0.0,13040.0,36473.857142857145,107.0,401.85714285714283,0.0,0.0
2023-02-11,USA,102859510.0,1114529.0,0.0,4409.0,36509.71428571428,37.0,404.7142857142857,0.0,0.0
2023-02-12,USA,102862879.0,1114537.0,0.0,3369.0,36573.0,8.0,405.57142857142856,0.0,0.0
2023-02-13,USA,102886005.0,1114709.0,0.0,23126.0,36403.71428571428,172.0,402.7142857142857,0.0,0.0
2023-02-14,USA,102934224.0,1115160.0,0.0,48219.0,36790.0,451.0,399.7142857142857,0.0,0.0
2023-02-15,USA,103023231.0,1115741.0,0.0,89007.0,37574.28571428572,581.0,330.2857142857143,0.0,0.0
2023-02-16,USA,103083910.0,1116851.0,0.0,60679.0,34549.857142857145,1110.0,352.2857142857143,0.0,0.0
2023-02-17,USA,103131898.0,1117572.0,0.0,47988.0,39542.42857142857,721.0,440.0,0.0,0.0
2023-02-18,USA,103134605.0,1117589.0,0.0,2707.0,39299.28571428572,17.0,437.14285714285717,0.0,0.0
2023-02-19,USA,103136077.0,1117590.0,0.0,1472.0,39028.28571428572,1.0,436.14285714285717,0.0,0.0
2023-02-20,USA,103138119.0,1117663.0,0.0,2042.0,36016.28571428572,73.0,422.0,0.0,0.0
2023-02-21,USA,103198669.0,1118025.0,0.0,60550.0,37777.857142857145,362.0,409.2857142857143,0.0,0.0
2023-02-22,USA,103308832.0,1118886.0,0.0,110163.0,40800.142857142855,861.0,449.2857142857143,0.0,0.0
2023-02-23,USA,103365511.0,1119521.0,0.0,56679.0,40228.71428571428,635.0,381.42857142857144,0.0,0.0
2023-02-24,USA,103378408.0,1119573.0,0.0,12897.0,35215.71428571428,52.0,285.85714285714283,0.0,0.0
2023-02-25,USA,103381157.0,1119587.0,0.0,2749.0,35221.71428571428,14.0,285.42857142857144,0.0,0.0
2023-02-26,USA,103382763.0,1119588.0,0.0,1606.0,35240.857142857145,1.0,285.42857142857144,0.0,0.0
2023-02-27,USA,103399827.0,1119582.0,0.0,17064.0,37386.857142857145,-6.0,274.14285714285717,0.0,0.0
2023-02-28,USA,103443455.0,1119917.0,0.0,43628.0,34969.42857142857,335.0,270.2857142857143,0.0,0.0
2023-03-01,USA,103533872.0,1120897.0,0.0,90417.0,32148.571428571428,980.0,287.2857142857143,0.0,0.0
2023-03-02,USA,103589757.0,1121658.0,0.0,55885.0,32035.14285714286,761.0,305.2857142857143,0.0,0.0
2023-03-03,USA,103648690.0,1122165.0,0.0,58933.0,38611.71428571428,507.0,370.2857142857143,0.0,0.0
2023-03-04,USA,103650837.0,1122172.0,0.0,2147.0,38525.71428571428,7.0,369.2857142857143,0.0,0.0
2023-03-05,USA,103646975.0,1122134.0,0.0,-3862.0,37744.57142857143,-38.0,363.7142857142857,0.0,0.0
2023-03-06,USA,103655539.0,1122181.0,0.0,8564.0,36530.28571428572,47.0,371.2857142857143,0.0,0.0
2023-03-07,USA,103690910.0,1122516.0,0.0,35371.0,35350.71428571428,335.0,371.2857142857143,0.0,0.0
2023-03-08,USA,103755771.0,1123246.0,0.0,64861.0,31699.85714285714,730.0,335.57142857142856,0.0,0.0
2023-03-09,USA,103802702.0,1123836.0,0.0,46931.0,30420.714285714286,590.0,311.14285714285717,0.0,0.0
